node,kg_emb_00,kg_emb_01,kg_emb_02,kg_emb_03,kg_emb_04,kg_emb_05,kg_emb_06,kg_emb_07,kg_emb_08,kg_emb_09,kg_emb_10,kg_emb_11,kg_emb_12,kg_emb_13,kg_emb_14,kg_emb_15,kg_emb_16,kg_emb_17,kg_emb_18,kg_emb_19,kg_emb_20,kg_emb_21,kg_emb_22,kg_emb_23,kg_emb_24,kg_emb_25,kg_emb_26,kg_emb_27,kg_emb_28,kg_emb_29,kg_emb_30,kg_emb_31
http://www.w3.org/1999/02/22-rdf-syntax-ns#Property,-0.034231152,-0.1369352,-0.0016568047,0.010711825,0.016598206,-0.025903214,0.022583075,-0.007077365,-0.011654534,-0.059361342,-0.19701031,0.0022108853,0.00015883836,-0.024438506,-0.4665585,0.020859342,0.19094528,0.030799227,-0.044384316,0.028960405,0.0047092717,0.0073071355,-0.2707847,0.001389811,0.053621773,0.010311876,-0.24301942,0.7150826,0.021815091,0.01756043,0.030575482,0.16895202
http://www.w3.org/2000/01/rdf-schema#,-0.04266177,0.04996403,0.114265606,0.038546268,0.10683093,-0.083819844,-0.07744168,-0.0707744,-0.48809743,-0.06221067,-0.316544,-0.09288321,-0.0042983373,-0.17102371,-0.5572282,0.068519145,-0.10338762,0.11117379,0.055756733,-0.22682784,0.08737773,-0.06795929,0.30989432,-0.014063731,0.035021637,0.053004257,0.12265157,-0.15507826,0.019540379,0.14389902,-0.052368484,0.056922924
http://www.w3.org/2000/01/rdf-schema#Class,-0.018482758,-0.09031608,0.054916997,-0.06338542,0.003595572,-0.009670701,0.04632494,0.03696273,-0.087850526,0.0045804745,-0.3191245,0.07536139,-0.081699975,-0.04277717,-0.01622789,-0.041764736,0.2578304,-0.07625814,-0.07316804,-0.1670569,0.0035698172,-0.03363578,-0.10846866,0.08499921,0.007988982,-0.018602168,-0.08661135,0.7846646,-0.1276282,0.11446928,-0.03626811,0.27399448
http://www.w3.org/2001/XMLSchema#dateTime,0.10401081,0.10858996,-0.0077811666,0.24210887,0.09140357,-0.17097874,0.17003605,-0.098723285,0.5058234,0.21002822,0.06514087,0.1805699,-0.13890356,-0.37230206,-0.2195589,-0.021102956,-0.12905511,0.25267905,0.1647759,0.005955821,0.100073785,-0.07479249,0.13514048,-0.026044957,0.065375485,-0.15133846,-0.17992975,-0.02632696,0.019088665,-0.22442824,-0.19490325,0.08882612
http://www.w3.org/2001/XMLSchema#double,0.20227478,0.18718559,0.10800194,0.078892775,0.024232078,0.24536072,0.3389064,-0.08723873,-0.41363016,-0.2740122,-0.089412734,-0.19248939,-0.02947818,-0.15903202,0.26142234,-0.06787764,-0.09256536,0.18370123,0.2733418,0.01067764,0.05644374,0.06655038,0.06764008,-0.0015945743,0.08401268,-0.06218227,-0.057795692,-0.325837,-0.0050214664,0.08889003,0.06921422,0.26473245
http://www.w3.org/2001/XMLSchema#integer,0.062786855,0.17792071,0.089151725,0.045894094,-0.08355117,0.11486357,0.28706977,-0.078584366,-0.55739784,-0.12314095,-0.16867185,0.038737375,-0.027406288,-0.16547863,0.13715088,-0.057944473,-0.18457441,0.2425811,0.17554978,-0.047106512,0.1535164,0.105237044,0.12623759,-0.1355767,-0.10399022,-0.067653574,-0.025312454,-0.4427567,0.051389705,-0.044461586,-0.13694382,0.09557188
http://www.w3.org/2001/XMLSchema#string,-0.0045741964,0.1916377,0.03385872,0.12402076,0.17725484,0.1615096,0.33900633,-0.168192,-0.42945945,0.26358634,0.047258236,-0.00086012844,-0.024903852,0.23308067,0.31524682,-0.1582513,-0.13990314,0.07636164,0.13747884,-0.24599098,0.14004844,0.014868733,0.11939605,0.20176713,0.08488758,-0.013681042,-0.07035351,-0.27815714,0.054004885,0.0573145,0.18389183,0.033795573
https://example.org/bda/health-risk/AgeGroup,0.15590204,0.21846664,0.001315712,0.11354382,0.04029641,0.059246466,0.03504962,0.08737732,0.26670238,0.06587871,-0.3391215,0.084387936,-0.14856426,0.1376998,-0.27256656,0.010076308,-0.19801025,0.12927192,0.0016906842,0.12631029,-0.12870751,-0.0042367894,0.1640604,0.0054708957,0.016675891,0.033044387,-0.3936692,-0.34167206,-0.07855927,0.096743286,-0.16704826,0.39512956
https://example.org/bda/health-risk/AggregateMeasurement,0.009972187,0.094481096,-0.019144205,-0.080403216,-0.017652936,-0.015586482,0.06179777,0.021971803,0.0372814,0.007240547,0.2103541,-0.0035700856,-0.08482572,0.08892655,0.21602675,0.006999301,-0.2803849,-0.10740924,0.12038713,-0.08245029,0.24276096,0.004248667,-0.485789,-0.015268766,-0.043528434,-0.07208468,0.33673903,-0.5134097,-0.023667052,0.005628238,-0.009508397,-0.2835282
https://example.org/bda/health-risk/Concept,-0.044184238,0.006197506,-0.021111747,-0.0318553,-0.005915001,0.010945372,-0.038127173,-0.0027224263,0.059001837,0.04360476,-0.30934912,-0.025929848,-0.09686199,-0.030288493,-0.30487442,-0.008825503,-0.13703947,0.0040231957,-0.03226633,0.0046425145,-0.22985528,0.012488369,0.4469022,0.03592734,-0.011922052,-0.014889494,-0.39198405,-0.4134951,-0.08830106,0.010027744,-0.007163007,0.42784613
https://example.org/bda/health-risk/Dataset,-0.0036286933,0.16356508,-0.0037414473,0.11637458,0.015494643,0.28422594,0.15070873,0.09262485,-0.21701635,-0.16672045,-0.3786962,0.14513953,-0.18250081,-0.045953378,0.28192836,-0.001992025,-0.013987096,-0.14196761,0.17469342,0.16323684,0.1394207,-0.0721354,0.45106134,-0.031693228,-0.024515998,0.09337516,0.31966126,-0.25256136,-0.06559021,-0.029917974,0.00028546937,0.077334486
https://example.org/bda/health-risk/DemographicConcept,-0.015019033,0.14525104,-0.00077383034,0.02339368,0.0071457285,0.06928574,-0.010079618,0.038452085,0.21853298,0.11786916,-0.2960944,-0.06666311,-0.055805124,0.055993646,-0.22113127,-0.03178661,-0.31648022,-0.012041624,0.031063065,0.10951577,-0.14913523,-0.016258623,0.43355143,-0.004479524,0.04078522,0.04019061,-0.37183887,-0.23830466,-0.0841002,-0.020262947,0.06283112,0.4777586
https://example.org/bda/health-risk/Gender,-0.06334762,0.19359303,0.029916642,-0.050776828,0.018431425,-0.25169396,0.116858765,0.03124005,0.3958524,0.20308127,-0.2779536,-0.08321221,-0.065569155,0.07030271,-0.16532564,-0.0055442173,-0.11281235,0.13063712,0.1343675,0.01889043,0.2296021,0.034537766,0.36944145,-0.072876416,0.026672807,0.01843856,0.03326491,-0.38954988,0.09335062,-0.022082161,-0.12711436,0.36715966
https://example.org/bda/health-risk/HealthConcept,-0.02873299,0.05269685,0.023767026,-0.019196622,-0.010296645,0.04481248,0.053113714,0.062007032,0.21229714,0.022457661,-0.2580419,-0.13704725,-0.08843065,-0.041851684,-0.39340383,-0.044999212,0.17839637,0.039346732,-0.011531356,0.028938165,-0.12662725,-0.0063116266,0.3234027,-0.12693125,0.03998469,0.033326652,-0.2986257,-0.61085105,-0.10010125,-0.08293437,-0.008185897,0.19044314
https://example.org/bda/health-risk/HealthRecord,-0.18687032,0.33967245,-0.006528454,-0.17626272,0.03609893,0.16478474,0.07472304,-0.0006970375,-0.25156888,0.22986166,-0.13575073,0.00900217,0.0010409008,0.22439684,0.25728846,-0.09709,-0.24525647,-0.21172345,0.17610249,-0.22249882,-0.080843754,0.034014683,0.14559963,0.072804876,0.011297179,0.012265818,0.24928412,-0.456924,0.14602792,0.020139253,0.074117124,0.076336876
https://example.org/bda/health-risk/Indicator,0.02979264,0.14275742,-0.014516475,0.1215788,-0.004759199,-0.1185784,0.16986595,0.04894994,0.22121252,0.0986889,-0.32506958,-0.063128114,0.001997665,-0.12291573,-0.29734188,-0.06920224,0.18694039,-0.06833225,0.108639166,0.13803223,-0.25124955,0.03007368,0.35144222,0.011739427,0.046201926,0.0459189,-0.2543466,-0.48408738,0.010429448,-0.014616165,0.040432725,0.27996185
https://example.org/bda/health-risk/KnowledgeGraphRun,0.15344223,0.21505345,0.022544395,-0.17051226,0.027648881,-0.10933006,0.15263401,-0.031096919,-0.0976461,0.2432576,-0.29170388,-0.00054427836,-0.10031104,0.16047956,-0.15803346,0.031416286,-0.1442291,-0.19486296,0.0956412,0.2046239,-0.0010937641,0.040988475,0.38188595,0.00028163195,-0.08958071,0.18749681,0.3786471,-0.39981547,-0.14098221,0.060635697,0.08634323,0.11550544
https://example.org/bda/health-risk/Observation,-0.026934693,0.17583272,0.031481113,-0.041250236,-0.006938389,0.013675017,-0.053304214,-0.100919314,-0.09310928,0.0747247,0.18304169,-0.02345693,-0.08018781,0.12154457,0.29036477,-0.082644574,-0.28575724,0.08199816,0.026756339,-0.043362055,0.20607768,-0.010641778,-0.42170182,0.014248109,-0.05011739,0.0016351655,0.33070472,-0.56158453,0.03992677,-0.026127065,0.019602608,-0.2241407
https://example.org/bda/health-risk/Outcome,0.061709583,0.13307369,-0.03419003,0.15091363,0.012573741,-0.042229947,0.054636862,-0.11740839,0.39251733,0.07285085,-0.33311355,-0.098084316,-0.0794724,-0.23182009,-0.20637186,-0.05610584,-0.009620618,-0.06994305,0.007541961,0.029131431,0.003937777,-0.10931806,0.23416497,0.13372228,0.06454324,0.11342888,-0.09720201,-0.4650997,-0.18282187,0.199746,0.13179587,0.35498014
https://example.org/bda/health-risk/PopulationGroup,-0.041905966,0.19556467,-0.0066841464,0.070312776,0.0069322493,-0.096550636,-0.013965164,0.05629207,0.24837065,0.12388812,-0.32546481,-0.01752554,-0.0013957247,0.11260168,-0.07085909,-0.05631352,-0.26217073,0.1449578,0.09018916,0.13876568,-0.16382624,0.052350868,0.40772676,-0.0006192272,0.043716293,0.074787214,-0.37388498,-0.2461007,0.0030845238,-0.01595034,-0.11869158,0.45051417
https://example.org/bda/health-risk/age-group/1,-0.09377579,-0.0031638849,-0.046718646,-0.037628736,0.12797742,-0.12301323,-0.12049651,0.20706695,0.13917132,0.04004695,-0.33474424,0.13812204,-0.033379298,-0.0625927,-0.29866457,-0.1140643,-0.03914795,-0.124268904,0.13774161,-0.2097566,0.17947361,-0.26784593,-0.04872877,0.078208424,-0.1502306,-0.16932847,0.21770301,0.43194166,-0.11367052,-0.1677272,-0.102776736,0.33185664
https://example.org/bda/health-risk/age-group/10,-0.024453815,0.09092872,-0.04289091,0.10094869,-0.013866507,0.110729605,-0.051526397,0.06524578,0.12902766,-0.034822203,-0.35486332,-0.26659974,-0.04843107,0.18012369,-0.2651017,0.18929628,0.15837722,-0.116952226,0.09937712,-0.1624392,0.11024116,-0.042153083,0.117145285,-0.16019256,0.18634085,-0.07751484,0.30475026,0.37040475,0.0035215067,0.105617665,0.16290668,0.40880796
https://example.org/bda/health-risk/age-group/11,-0.2928891,0.12234663,-0.048747674,0.017960874,0.15579829,-0.26432145,0.003839272,0.085706465,0.16689089,0.037706062,-0.31575897,0.085667685,-0.14153898,0.05345047,-0.3680688,-0.14461741,-0.017956007,-0.27766502,-0.018547678,0.10142615,0.13980338,-0.031596005,-0.08398331,0.14930902,-0.087341174,0.19792634,0.21039566,0.39201596,-0.08173831,0.0720694,-0.05536906,0.28605035
https://example.org/bda/health-risk/age-group/12,0.18025953,-0.0475187,-0.1537979,-0.0542979,0.07411721,0.06086281,-0.07938345,-0.295452,0.10702378,-0.07107889,-0.33156422,-0.10239139,0.04384469,0.049620863,-0.20036449,0.21895215,0.049451843,0.11327697,0.04192762,-0.14060308,0.37193447,-0.01656032,-0.06326742,0.08883281,-0.160103,0.023017082,0.339079,0.33660653,-0.09642691,-0.18302946,0.06691556,0.34268737
https://example.org/bda/health-risk/age-group/13,0.29424137,-0.09251252,-0.07161919,-0.071389705,0.08775727,-0.018563276,0.007582727,-0.055979256,-0.018026277,0.03861715,-0.30439353,0.18886127,0.14501464,0.16416557,-0.24393108,-0.13662796,-0.06251913,0.1158105,0.028061744,0.01952312,0.30464435,0.030427879,0.11941459,0.052440774,0.19239,0.19834511,0.38517493,0.25233668,-0.1235692,-0.062000386,0.010696977,0.43619022
https://example.org/bda/health-risk/age-group/2,0.14307313,0.028370786,0.09123062,0.0993615,0.09235472,0.42057285,-0.11829264,-0.024767173,0.05821026,-0.02587577,-0.2999812,-0.08738674,-0.03943045,-0.086305775,-0.19387278,-0.13299686,0.20531495,-0.24046707,-0.011270419,-0.15192896,0.11470716,0.1704486,-0.058434676,0.27300388,-0.031104939,-0.14321955,0.34491012,0.31084114,-0.045902934,-0.1509412,0.056037568,0.29344717
https://example.org/bda/health-risk/age-group/3,0.042081416,0.12853728,0.05617499,0.13318217,0.048721906,-0.09440653,0.06715118,-0.08747128,-0.046577983,-0.11029969,-0.28446522,-0.08661889,-0.09571716,-0.114910305,-0.3724568,0.060375586,0.10823856,0.34254512,0.051543936,-0.06525845,0.12169362,-0.16975875,-0.038170237,-0.002335295,-0.09899948,0.12138554,0.4112635,0.15861276,-0.04046916,-0.0073845065,-0.13483804,0.50011045
https://example.org/bda/health-risk/age-group/4,-0.2627868,0.055725217,0.03668823,-0.07797883,-0.11550698,-0.05496321,0.061830714,-0.37497652,-0.14586233,-0.029346809,-0.34496015,0.23114619,0.0692254,0.013301031,-0.3260531,-0.06693541,0.1759765,-0.07361591,0.04752502,-0.2084951,0.08581212,-0.033978052,-0.076996006,0.1051337,-0.018340731,-0.252894,0.34373164,0.16473909,0.10249978,0.04363349,-0.05412836,0.34169737
https://example.org/bda/health-risk/age-group/5,-0.12677297,0.00052660395,0.044171914,0.16512068,0.09461547,-0.32310492,0.0423473,-0.08637133,-0.28610796,-0.0782933,-0.40776718,-0.02401664,-0.13939978,0.096608944,-0.34115928,0.11001797,0.07580128,-0.109547384,-0.052145366,-0.012785343,0.16482937,0.17572659,-0.05976992,0.0969433,0.115795895,0.04804238,0.31188214,0.20690578,0.019617198,0.101762004,0.05898995,0.3979283
https://example.org/bda/health-risk/age-group/6,0.050273847,-0.19740339,-0.045509405,-0.00922604,0.016791249,-0.3312935,0.0426936,-0.04798437,-0.1195287,-0.012349072,-0.35966295,-0.24675661,-0.020219443,-0.061870124,-0.2745041,-0.05126267,0.090555504,-0.17333545,-0.033427823,0.10719658,0.21377239,-0.08269627,-0.08136358,0.06414399,0.18680036,-0.04989675,0.36930296,0.20119528,0.005547558,-0.11573703,-0.044618975,0.45988238
https://example.org/bda/health-risk/age-group/7,-0.09890941,0.005734564,0.04972832,-0.08772359,-0.08055814,-0.043295152,-0.12012064,-0.22682074,0.27195233,-0.07774801,-0.3573872,0.052540813,-0.25875795,0.028937731,-0.14861555,-0.0379572,0.120983236,0.27038682,-0.071392536,0.28676367,0.11324286,0.20180088,-0.057164162,-0.11970951,-0.17998649,-0.16401911,0.2870577,0.24440674,-0.035353687,0.040005233,-0.018600164,0.39129698
https://example.org/bda/health-risk/age-group/8,-0.16677122,0.020604495,-0.010164949,0.05139092,0.06151901,0.005536804,-0.010193991,0.021059673,0.019036608,-0.030808141,-0.36617407,-0.2671972,-0.1521422,-0.10401492,-0.26016504,-0.09102909,-0.015793651,0.03688133,0.04365777,-0.10908328,0.23388751,0.070530415,0.0078011714,0.10934283,-0.0072894576,0.30356607,0.39067063,0.29618552,0.07992949,0.3273056,0.072373286,0.33092013
https://example.org/bda/health-risk/age-group/9,0.21491136,-0.034005273,-0.014994213,0.0019149448,0.055860806,0.44042554,-0.10161443,0.18706138,-0.02585819,0.028558832,-0.29361346,0.015363205,0.15491053,-0.026985666,-0.24109204,0.0059591187,0.1684953,-0.11546173,-0.024058647,0.027910925,0.08936524,-0.020655826,-0.09149786,-0.062238313,-0.14629583,0.18460886,0.34351248,0.27901432,0.20624998,0.15320754,0.07490025,0.39052218
https://example.org/bda/health-risk/ageGroupCode,-0.396665,0.18194291,0.024861764,0.10741218,-0.035008717,-0.119949386,0.12844828,-0.07409699,-0.32691875,0.11146816,-0.25428656,-0.00915289,0.04936735,0.18831734,-0.17529726,-0.12288934,-0.04282234,-0.20831552,0.20329401,0.13050747,0.12960367,-0.032078117,0.19753665,-0.16295204,0.059342645,-0.029838666,-0.13842824,-0.44630697,-0.21071604,0.14042896,0.017050354,0.13360716
https://example.org/bda/health-risk/aggregate-measurement/cardiovascular-disease/age-2/gender-female/age-years,0.13102604,0.057160016,0.09924306,-0.0063241892,0.11974419,-0.22801702,-0.24389079,-0.12429854,0.102358274,-0.1299525,0.18319018,0.21551588,0.23797879,0.2703274,0.16900502,0.13150688,0.22403836,0.19829758,0.20723945,0.16772187,-0.32529905,0.14295328,0.32343918,-0.132092,-0.13417144,-0.11005556,-0.02027386,0.14654756,0.14484867,-0.19773562,-0.114501715,-0.10663667
https://example.org/bda/health-risk/aggregate-measurement/cardiovascular-disease/age-2/gender-female/body-mass-index,-0.21388629,0.08371255,0.11153339,0.040057525,0.08212778,-0.39059755,-0.008264575,-0.11737042,0.15402992,-0.08257594,0.11457661,0.19056189,0.25787213,0.012482275,0.105254635,0.15832667,0.12934692,0.2550428,0.087917075,0.23487005,-0.1293594,0.15935266,0.49476165,-0.05122959,-0.1084077,-0.12775473,-0.121274784,0.22347534,0.07272381,-0.14841053,-0.14913037,-0.027780049
https://example.org/bda/health-risk/aggregate-measurement/cardiovascular-disease/age-2/gender-female/diastolic-blood-pressure,-0.060664274,0.06950179,0.14185,0.030193238,0.13630448,-0.33461037,-0.01468761,-0.105598465,0.099928126,-0.0065694996,0.14329648,0.13189669,0.17825867,-0.10550228,0.19482526,0.1535652,0.24543072,0.21739066,0.23286985,0.14344628,-0.30508432,0.09796598,0.40921202,-0.20634629,-0.12778097,-0.13934726,-0.028778672,0.24000545,0.031179298,-0.22335768,-0.18641306,0.03669917
https://example.org/bda/health-risk/aggregate-measurement/cardiovascular-disease/age-2/gender-female/glucose-risk,-0.3260251,-0.068007596,0.08541861,0.022813622,0.009214683,-0.15367301,-0.18440226,-0.05412425,-0.14582959,-0.16026354,0.16074161,-0.047455966,0.23180556,-0.31104484,0.2011167,-0.05772096,0.15712294,0.05223441,0.28668928,0.045188617,-0.3146456,0.113983974,0.36064368,0.055482257,0.09981763,0.12611829,0.040763564,0.1413502,0.2921172,-0.0294057,-0.04668261,0.2421907
https://example.org/bda/health-risk/aggregate-measurement/cardiovascular-disease/age-2/gender-female/heavy-alcohol,-0.26876813,0.054180324,0.055094205,-0.11061483,0.18638194,-0.2986144,-0.11460723,-0.14827651,-0.074340135,0.12970251,0.19609131,0.27398494,0.18053342,-0.18189526,0.10040086,0.16726321,0.23756312,0.17855169,0.16545765,0.099547036,-0.2522339,0.25624233,0.3235011,-0.092699185,-0.07116576,-0.1744029,-0.101346254,0.21087843,-0.032537688,-0.076178014,-0.18704616,0.10355015
https://example.org/bda/health-risk/aggregate-measurement/cardiovascular-disease/age-2/gender-female/high-blood-pressure,0.3534096,0.024505286,0.02214288,0.024294166,0.07320962,-0.042360082,0.22220266,0.012629589,0.26815715,-0.109143436,0.14107364,-0.08753258,0.20442867,0.45545283,0.28908232,0.08987468,0.28435233,0.11562121,0.24918827,0.047999233,-0.14512515,-0.044567116,0.25457573,-0.12487632,0.03111031,-0.06332273,0.033144016,0.18870084,0.23376463,0.017508315,0.05612109,0.05113331
https://example.org/bda/health-risk/aggregate-measurement/cardiovascular-disease/age-2/gender-female/high-cholesterol,0.21284527,0.10669872,0.11879781,0.06721591,0.12605044,-0.28844792,-0.29224786,-0.16653499,0.042914852,0.18937466,0.14488223,0.20854688,0.28831047,-0.25001982,0.11074626,0.13758105,0.16519856,0.24330327,0.215917,0.11206301,-0.21294904,0.12857634,0.2632528,-0.13725767,-0.14710246,-0.11092654,-0.045221392,0.07384258,0.07367917,-0.14433588,-0.21675569,0.1518623
https://example.org/bda/health-risk/aggregate-measurement/cardiovascular-disease/age-2/gender-female/physical-activity,-0.35041964,0.15573733,0.042826343,-0.04026751,0.19064124,-0.22666112,-0.29356366,-0.23333858,0.051500946,0.16340365,-0.0050657582,0.14165057,0.118540026,0.24649987,0.009831988,0.20247786,0.07789939,0.100122355,0.12876073,0.074925505,-0.13779753,0.2528783,0.26603225,-0.20055112,-0.11159133,-0.20552808,-0.10163403,0.086971015,-0.04074179,-0.15890975,-0.33046025,-0.12198131
https://example.org/bda/health-risk/aggregate-measurement/cardiovascular-disease/age-2/gender-female/smoking,-0.30319107,0.08881258,0.10850949,0.032975554,0.11872868,-0.21075799,0.16702175,-0.1570855,-0.031205133,0.122125685,0.14999579,0.21364437,0.17300823,0.17447925,0.11656171,0.12533204,0.24175003,0.20663527,0.17034166,0.010722686,-0.258091,0.18941133,0.32422143,-0.2678403,-0.1026725,-0.13541333,-0.040536232,0.22644018,0.0895105,-0.18219653,-0.2644112,-0.0013092014
https://example.org/bda/health-risk/aggregate-measurement/cardiovascular-disease/age-2/gender-female/systolic-blood-pressure,-0.35770398,0.04359355,0.09609445,0.08910174,0.11884136,-0.2577805,-0.25076362,-0.07334245,0.11190631,-0.18410239,0.1924787,0.24311417,0.23861922,-0.16625758,0.19248025,0.1149209,0.022666896,0.29130673,0.1053184,0.12724666,-0.07514625,0.09362179,0.33229157,-0.21474685,-0.12975389,-0.044244688,0.015389858,0.18241648,0.2212575,-0.16343068,-0.08872679,-0.08536453
https://example.org/bda/health-risk/aggregate-measurement/cardiovascular-disease/age-2/gender-male/age-years,0.05345308,-0.13995603,-0.06635066,0.05097696,-0.07759876,-0.12259463,-0.2822995,0.14312287,0.094598845,-0.12740166,0.1709837,-0.14782247,0.10712041,0.24258813,0.11969385,0.079055734,0.18146652,0.18330896,0.11629422,0.1633678,-0.3071064,0.17662023,0.37384003,-0.2443058,0.1606713,-0.16500165,0.061925128,0.24968341,0.24677794,-0.24611458,0.0988055,-0.0032819873
https://example.org/bda/health-risk/aggregate-measurement/cardiovascular-disease/age-2/gender-male/body-mass-index,0.1797283,-0.10624684,-0.062599316,0.026594948,-0.13511164,-0.07687343,0.118377745,0.09091427,0.37049627,0.20319673,0.19003299,-0.08739463,0.14235443,-0.20331861,0.22914656,0.06192004,0.25232804,0.12929311,0.04978334,0.06277198,-0.241471,0.11554345,0.30837882,-0.15326504,0.1286532,-0.08491765,-0.107856676,0.37451658,0.21304525,-0.21391553,0.1421327,0.03207083
https://example.org/bda/health-risk/aggregate-measurement/cardiovascular-disease/age-2/gender-male/diastolic-blood-pressure,-0.1587409,-0.120299295,-0.04013969,-0.1076115,-0.09857051,-0.21350913,-0.17324959,0.046165578,0.20100336,0.14803125,0.15945588,-0.042017873,0.16053851,-0.12928984,0.16983767,0.17267784,0.20032124,0.23769875,0.15906334,0.036471765,-0.27699578,0.048141044,0.34983855,-0.12974282,0.07709837,-0.10740058,0.051355414,0.30106944,0.30402178,-0.24582706,0.13383178,0.21441871
https://example.org/bda/health-risk/aggregate-measurement/cardiovascular-disease/age-2/gender-male/glucose-risk,-0.12196964,-0.2571225,-0.09966342,-0.13312426,-0.10414741,-0.17612635,-0.08802169,0.12608555,0.10939612,-0.18128553,0.0722814,-0.24401653,-0.075170785,0.011627077,0.1993105,0.13282643,0.16136767,0.21003836,0.082190074,0.17376558,-0.24237417,0.1509532,0.3202026,-0.3129723,0.104495294,-0.06436699,-0.03262796,0.31323686,0.25501817,-0.22505797,0.052683704,0.17682186
https://example.org/bda/health-risk/aggregate-measurement/cardiovascular-disease/age-2/gender-male/heavy-alcohol,-0.16632809,-0.08146818,-0.08257124,0.0023251807,-0.15586993,-0.23370153,-0.2670166,0.10655637,0.41752687,0.19095615,0.05479562,-0.099045105,-0.0053217593,-0.13875997,0.01723511,0.06162374,0.1084367,0.32380664,0.05752135,0.11252393,-0.14659521,0.1731722,0.19607541,-0.21558116,0.16707556,-0.15493825,-0.10666117,0.16255127,-0.071146645,-0.3452251,0.22265013,0.13346866
https://example.org/bda/health-risk/aggregate-measurement/cardiovascular-disease/age-2/gender-male/high-blood-pressure,-0.13048214,-0.09838588,-0.068784125,-0.062625535,-0.10361264,-0.27368513,-0.13734676,0.06507773,0.26594508,-0.0702287,0.1560128,-0.18973075,0.14311159,0.01035669,0.19238162,0.08874342,0.18961912,0.16000459,0.09923569,0.14804386,-0.26838347,0.1453534,0.4332497,-0.14266685,0.08974952,-0.09044339,-0.051017664,0.30842716,0.25021616,-0.22798637,0.17520551,0.025418747
https://example.org/bda/health-risk/aggregate-measurement/cardiovascular-disease/age-2/gender-male/high-cholesterol,0.2709333,-0.17518926,-0.1071628,0.07674886,-0.11687357,-0.2547611,-0.12050101,0.067671575,0.04399496,0.17542663,0.18107036,-0.19276299,0.18388428,-0.091027126,0.22826678,0.06362723,0.17294554,0.15028839,0.19884157,0.16439381,-0.20662001,0.10966186,0.26589027,-0.21748906,0.09193708,-0.12225698,-0.021922175,0.36239636,0.15279824,-0.24958305,0.1974057,0.09145453
https://example.org/bda/health-risk/aggregate-measurement/cardiovascular-disease/age-2/gender-male/physical-activity,-0.07823862,-0.1328037,-0.11326773,0.021609785,-0.12816115,-0.3495254,-0.12668306,0.1418974,0.31797493,0.17701238,0.13087487,-0.23494162,0.10867982,0.13388385,0.13991666,0.15330723,0.15859205,0.23665006,0.13376965,0.12666617,-0.14156844,0.13174492,0.27128512,-0.20984393,0.08874696,-0.11521518,-0.011082121,0.291812,0.21496996,-0.22062592,0.19296712,-0.043722842
https://example.org/bda/health-risk/aggregate-measurement/cardiovascular-disease/age-2/gender-male/smoking,-0.16617753,-0.092179745,-0.090264805,0.014313547,-0.13357608,-0.234521,0.029907832,0.062432013,0.29114163,0.15720296,0.15607902,-0.17831133,0.23434706,0.21829033,0.15962064,0.10104181,0.187433,0.20595512,0.12195455,0.1381242,-0.21141768,0.17471254,0.3080987,-0.1884782,0.12445473,-0.07390909,0.03219198,0.2576238,0.31148705,-0.20893772,0.16589636,0.016789947
https://example.org/bda/health-risk/aggregate-measurement/cardiovascular-disease/age-2/gender-male/systolic-blood-pressure,-0.13549806,-0.12565929,-0.10476526,0.0798355,-0.068930924,-0.3391492,-0.21365538,0.13970736,0.24932067,-0.22925076,0.1276624,-0.11534565,0.10843316,-0.08562241,0.17947458,0.06222589,0.059264578,0.21659201,0.044305593,0.10766359,-0.05009588,0.16557483,0.37077603,-0.1641524,0.1348566,-0.051422864,0.02895278,0.34411463,0.30350205,-0.1952553,0.14014465,-0.12562767
https://example.org/bda/health-risk/aggregate-measurement/cardiovascular-disease/age-3/gender-female/age-years,0.12530012,-0.13153909,0.11451867,-0.1497522,-0.115804344,0.26439887,-0.32694024,0.2131316,-0.24602251,-0.09309921,0.10500407,-0.13014835,0.19278853,0.285644,0.18094541,-0.12621672,0.14546788,-0.07749891,0.16564667,0.017471327,-0.14136401,-0.2207582,0.34599236,0.1890586,-0.09314135,-0.025894266,-0.077990204,0.17357285,0.14269504,-0.1718144,-0.22871403,-0.06635445
https://example.org/bda/health-risk/aggregate-measurement/cardiovascular-disease/age-3/gender-female/body-mass-index,0.23276821,-0.10373414,0.11759706,-0.12881206,-0.10354434,0.2985995,0.20150435,0.15580955,-0.021958439,0.09739766,0.21366943,-0.19346997,0.21214268,-0.17062841,0.27475485,-0.0940232,0.20042916,-0.20087662,0.17664327,-0.025132498,-0.19958586,-0.09998348,0.31587842,0.22417554,-0.079009645,0.010449523,-0.06773984,0.23662427,0.18810865,-0.24020544,-0.11457622,-0.054813545
https://example.org/bda/health-risk/aggregate-measurement/cardiovascular-disease/age-3/gender-female/diastolic-blood-pressure,-0.1875391,-0.08346616,0.07725002,-0.16153887,-0.10827958,0.26765332,-0.110179454,0.16416919,-0.053179555,0.12918894,0.18117934,-0.16934797,0.25856048,-0.1320629,0.25146946,-0.017402813,0.22994922,-0.24955273,0.1982768,-0.02195577,-0.24317847,-0.14057668,0.34806386,0.18476325,-0.07663651,-0.066428594,-0.07880494,0.31666008,0.15512192,-0.09676998,-0.17989618,0.052894805
https://example.org/bda/health-risk/aggregate-measurement/cardiovascular-disease/age-3/gender-female/glucose-risk,-0.25716585,-0.06217413,0.04740008,-0.21589479,-0.033271637,0.15557055,-0.16667077,0.19205369,0.22631831,-0.06464503,0.11894539,-0.10525093,0.31366462,-0.23433124,0.12532413,-0.09861117,0.07697905,-0.3414791,0.17465962,-0.15773636,-0.1433898,-0.16864052,0.3136331,0.18134522,-0.044780508,0.064834386,-0.04513236,0.09620158,0.27523452,-0.1390038,-0.21263014,0.12592646
https://example.org/bda/health-risk/aggregate-measurement/cardiovascular-disease/age-3/gender-female/heavy-alcohol,-0.21594748,-0.12470294,0.18050675,-0.12874165,-0.1365664,0.27320978,-0.18406035,0.16919577,-0.1354986,0.07759631,0.13480581,-0.2334157,0.21483935,-0.246888,0.012194934,-0.089589395,0.2000818,-0.26214296,0.24660616,-0.11690944,-0.2095675,-0.10941185,0.30224237,0.19216241,-0.079297684,-0.07149069,0.047261156,0.13900277,0.007833681,-0.18616904,-0.1478597,0.25219163
https://example.org/bda/health-risk/aggregate-measurement/cardiovascular-disease/age-3/gender-female/high-blood-pressure,0.15468821,-0.14036015,0.10127549,-0.12923548,-0.12540194,0.1771522,0.20117395,0.16951762,-0.09405377,-0.14309083,0.22569151,-0.19727089,0.25419325,0.11573915,0.26695147,-0.12066244,0.1973165,-0.31605396,0.16262811,-0.08069815,-0.086600535,-0.08899054,0.38792995,0.18482499,-0.09498023,-0.044233687,-0.07267964,0.25025743,0.13667578,-0.18073495,-0.14254136,-0.087665625
https://example.org/bda/health-risk/aggregate-measurement/cardiovascular-disease/age-3/gender-female/high-cholesterol,0.34736022,-0.16121697,0.09783226,-0.19858964,-0.08084041,0.23670253,-0.288423,0.14499357,0.037778027,0.24312213,0.09698547,-0.177067,0.31617552,-0.13873924,0.11754546,-0.107457496,0.09519987,-0.08853012,0.18841168,-0.045699213,-0.075128324,-0.2047584,0.2517241,0.091592595,-0.10496451,-0.0039151767,-0.11132336,0.19131058,0.07822227,-0.17986117,-0.24804412,0.24054138
https://example.org/bda/health-risk/aggregate-measurement/cardiovascular-disease/age-3/gender-female/physical-activity,0.031620584,-0.14354219,0.120040976,-0.15961142,-0.15568113,0.2590574,-0.09101761,0.15728843,0.085562885,0.09144696,0.16907538,-0.21395022,0.2843255,0.16753861,0.14419718,-0.06906399,0.16730489,-0.35602453,0.22702163,-0.07044303,-0.12575667,-0.21562743,0.32260376,0.22351289,-0.12816434,0.036462348,-0.09198275,0.15527013,0.1170292,-0.2241549,-0.21854827,-0.002244943
https://example.org/bda/health-risk/aggregate-measurement/cardiovascular-disease/age-3/gender-female/smoking,0.011562266,-0.15179144,0.06925777,-0.22309147,-0.100574024,0.1911754,0.03761055,0.2406467,-0.030258894,-0.065874204,0.09649271,-0.20122536,0.3663304,-0.14443024,0.09371816,-0.11711789,0.2122856,-0.28469703,0.20958821,-0.13444367,-0.16029604,-0.1294893,0.34202564,0.23362124,-0.13000098,-0.02653359,0.027311336,0.22591607,0.2015815,-0.06632285,-0.2516222,0.0614581
https://example.org/bda/health-risk/aggregate-measurement/cardiovascular-disease/age-3/gender-female/systolic-blood-pressure,-0.25095245,-0.102960914,0.10440656,-0.2793024,-0.098389946,0.20951778,-0.15465358,0.14202839,0.11704331,-0.2667568,0.13506702,-0.11933814,0.2738764,-0.101914935,0.16951053,-0.09620315,0.06520687,-0.33471844,0.15382175,-0.15030503,-0.009085374,-0.10202083,0.32486236,0.2300254,-0.045266435,-0.0441804,0.06527075,0.14021114,0.27070525,-0.21665585,-0.1301995,-0.0504366
https://example.org/bda/health-risk/aggregate-measurement/cardiovascular-disease/age-4/gender-female/age-years,0.06603495,-0.08625764,0.05818507,0.24638605,-0.057172935,0.20082888,-0.21032088,-0.10946243,-0.07559522,-0.13443688,0.051478583,-0.1495504,0.27736038,0.2572254,0.020971745,0.097712204,0.19742154,0.18637192,0.26054764,0.15974326,-0.29249263,-0.17323115,0.2654131,-0.120863356,-0.14944977,-0.13270107,0.08471949,0.10153297,0.3478642,-0.18336196,0.19476135,0.068447776
https://example.org/bda/health-risk/aggregate-measurement/cardiovascular-disease/age-4/gender-female/body-mass-index,0.14942722,-0.06687423,0.14738174,0.17738946,-0.16327994,0.16156454,0.113694906,-0.20022127,-0.078519896,0.15619136,0.12517266,-0.1358031,0.22886218,-0.1411407,0.19771689,0.103182554,0.24201517,0.20904472,0.24497278,0.07650832,-0.19381183,-0.16244553,0.29550457,-0.120613486,-0.089583844,-0.09423129,-0.04180405,0.32250258,0.31035644,-0.22162671,0.15378839,0.0425955
https://example.org/bda/health-risk/aggregate-measurement/cardiovascular-disease/age-4/gender-female/diastolic-blood-pressure,-0.03053749,-0.07743396,0.11046968,0.24624752,-0.09193745,0.14764196,-0.080524266,-0.21971487,-0.13238338,0.06871055,0.11556087,-0.19742545,0.110407986,-0.00049793423,0.09433515,0.17220064,0.17365538,0.25342363,0.1628819,0.2797597,-0.2553766,-0.14645064,0.32985258,-0.32582316,-0.11582829,-0.12036964,0.01993744,0.15926759,0.286199,-0.17105474,0.19796637,0.071185686
https://example.org/bda/health-risk/aggregate-measurement/cardiovascular-disease/age-4/gender-female/glucose-risk,-0.21626061,-0.133042,0.15016174,0.24868605,-0.072949626,0.24876727,-0.17752789,-0.16840322,-0.27673408,-0.23009285,0.12205757,-0.24839285,0.1255035,-0.27058357,0.1375582,0.08482716,0.040501676,0.19508754,0.093544535,0.03483697,-0.033452146,-0.19488125,0.310271,-0.13739774,-0.13221903,-0.16742328,0.018718956,0.13200273,0.22289535,-0.2027667,0.16572256,0.13188358
https://example.org/bda/health-risk/aggregate-measurement/cardiovascular-disease/age-4/gender-female/heavy-alcohol,0.17139447,-0.1567123,0.13091215,0.16942982,-0.14060435,0.21430379,0.06708262,-0.19342418,-0.11713082,-0.019259853,0.123061284,-0.20163684,0.188959,0.024793478,0.09043458,0.0723173,0.21568827,0.25372007,0.28407872,0.05119767,-0.21250716,-0.17124155,0.3038888,-0.17824908,-0.110737376,-0.12270107,-0.023782749,0.27717498,0.20515358,-0.2503383,0.21910255,0.15065566
https://example.org/bda/health-risk/aggregate-measurement/cardiovascular-disease/age-4/gender-female/high-blood-pressure,0.20331651,-0.16123705,0.1028022,0.22411942,-0.13378002,0.12834877,0.1068404,-0.1532902,-0.336727,-0.06085612,0.15782125,-0.24327238,0.12732491,0.10162339,0.17941071,0.15587498,0.09313619,0.28497672,0.1436915,0.2405594,-0.04727209,-0.17176948,0.22150387,-0.24844135,-0.15935947,-0.1374903,-0.069890305,0.19519608,0.11082936,-0.27015394,0.18308334,-0.03718275
https://example.org/bda/health-risk/aggregate-measurement/cardiovascular-disease/age-4/gender-female/high-cholesterol,0.017653063,-0.12584738,0.079905145,0.2507179,-0.0937643,0.12467326,-0.07956168,-0.1645587,0.017486926,-0.120941676,0.12815894,-0.16747387,0.13947839,0.009970731,0.18814944,0.12293552,0.20711565,0.10635801,0.19341096,0.20868638,-0.23510017,-0.18518683,0.35187018,-0.26464096,-0.081105046,-0.10317568,-0.028315607,0.37762108,0.22186443,-0.26976183,0.15516786,0.045981087
https://example.org/bda/health-risk/aggregate-measurement/cardiovascular-disease/age-4/gender-female/physical-activity,-0.15102649,-0.112572394,0.087572575,0.2535661,-0.11954954,0.2665615,-0.14966129,-0.1768426,-0.17520088,0.1040522,0.08886097,-0.24301922,0.22565249,0.13477775,0.015828172,0.1966893,0.19208984,0.1511781,0.20634764,0.22912408,-0.22661787,-0.21104486,0.17486362,-0.20852958,-0.12161423,-0.12217239,0.16133761,0.025948353,0.2697556,-0.19132575,0.21505813,0.014341929
https://example.org/bda/health-risk/aggregate-measurement/cardiovascular-disease/age-4/gender-female/smoking,0.0020246657,-0.04850222,0.13296132,0.2196704,-0.13046303,0.10847738,0.078614034,-0.13448356,-0.2125333,-0.072144724,0.059255607,-0.29675174,0.14493363,0.0046576527,0.08727227,0.052200172,0.20329311,0.17740186,0.26459303,0.08071814,-0.29022488,-0.11266768,0.25684217,-0.25923017,-0.06690668,-0.19749945,0.065899804,0.25711787,0.22398508,-0.29116574,0.2543685,0.111071266
https://example.org/bda/health-risk/aggregate-measurement/cardiovascular-disease/age-4/gender-female/systolic-blood-pressure,-0.059726268,-0.14719352,0.122185424,0.23558797,-0.023749245,0.21190272,-0.07822253,-0.088762164,-0.34187108,-0.21814094,0.08936466,-0.1187932,0.15633437,0.0008594198,0.21629266,0.06330078,0.096399456,0.23689665,0.22156714,0.19415651,-0.0276491,-0.29495743,0.37020135,-0.18577047,-0.11913662,-0.06272558,0.027163506,0.24646163,0.23140746,-0.1854038,0.048520546,-0.04085027
https://example.org/bda/health-risk/aggregate-measurement/cardiovascular-disease/age-4/gender-male/age-years,0.17049184,-0.07925724,-0.052957784,-0.17258945,-0.04244839,-0.22404434,-0.32935435,-0.21287085,-0.41352618,-0.08081746,0.108948715,-0.22291495,0.15375748,0.13097838,0.15885566,0.06661363,0.1596516,-0.16917975,0.09252818,0.15134375,-0.2247322,0.08239405,0.28870544,0.17624459,0.12784147,-0.12860474,-0.026904428,0.20338298,0.21286443,0.14233565,-0.13712412,-0.0089294175
https://example.org/bda/health-risk/aggregate-measurement/cardiovascular-disease/age-4/gender-male/body-mass-index,0.26253012,-0.089247294,-0.08031076,-0.19576448,-0.08726833,-0.2745963,0.13056885,-0.17140421,-0.28121334,0.17517963,0.15173346,-0.14072539,0.15748812,-0.23073395,0.14570135,0.10235516,0.21029207,-0.2577596,0.081222884,0.1455829,-0.2811673,0.04853601,0.2701274,0.13312204,0.119771704,-0.051726,-0.047257304,0.19910352,0.25939775,0.104633726,-0.19669946,0.013169429
https://example.org/bda/health-risk/aggregate-measurement/cardiovascular-disease/age-4/gender-male/diastolic-blood-pressure,0.044789433,-0.057639804,-0.02669405,-0.18201251,-0.06668682,-0.2695338,-0.19873564,-0.18738611,-0.30788994,0.19660911,0.13128452,-0.2353217,0.18426293,-0.14278954,0.20258096,0.15465397,0.16972768,-0.05721074,0.020633254,0.14865494,-0.20103554,0.08928453,0.36161473,0.18681887,0.12747717,-0.051532235,0.036805857,0.31321785,0.25491223,0.12469107,-0.029201927,0.12392955
https://example.org/bda/health-risk/aggregate-measurement/cardiovascular-disease/age-4/gender-male/glucose-risk,-0.20248611,-0.03480117,-0.07436389,-0.19060898,-0.02792921,-0.33907112,-0.19963047,-0.12283765,-0.38831124,-0.18133022,0.07088493,-0.18032198,-0.111337416,-0.26214668,0.03687997,0.15181302,-0.0052756257,-0.18345754,0.026998922,0.19844182,-0.12809122,0.07543516,0.2652095,0.20559235,0.19217041,-0.10951788,-0.15137832,0.20575702,0.16593033,0.11402871,-0.2036298,0.117619574
https://example.org/bda/health-risk/aggregate-measurement/cardiovascular-disease/age-4/gender-male/heavy-alcohol,-0.20530294,-0.055823766,-0.06380707,-0.17239228,-0.063559555,-0.26718646,-0.122490495,-0.20442706,-0.3008601,0.117936686,0.1707827,-0.20327705,0.15928176,-0.17106074,0.21679153,0.10794533,0.23634128,-0.11072279,0.14380448,0.17533886,-0.28412604,0.11025042,0.2667454,0.12945598,0.15727986,-0.121417634,-0.027381562,0.3025599,0.15135463,0.09135238,-0.13758782,0.13503173
https://example.org/bda/health-risk/aggregate-measurement/cardiovascular-disease/age-4/gender-male/high-blood-pressure,0.35660055,-0.07842708,-0.06869255,-0.27212372,-0.08007186,-0.12086413,0.33232415,-0.2124157,-0.30149966,-0.21629031,0.11161048,-0.16926354,-0.055882215,0.17151655,0.14660673,0.1457354,0.15627095,-0.18358192,-0.0672319,0.11850802,-0.045886017,0.03177117,0.25179604,0.23979801,0.14076431,-0.11350632,-0.16735943,0.18700075,0.01610416,0.123591475,-0.16214207,-0.13807517
https://example.org/bda/health-risk/aggregate-measurement/cardiovascular-disease/age-4/gender-male/high-cholesterol,0.24756424,-0.091907956,-0.10121976,-0.20051402,-0.073798664,-0.28949654,-0.24094602,-0.2296032,-0.16416325,0.19746758,0.1367019,-0.12832524,0.06797565,-0.14153282,0.17660628,0.17459832,0.23602897,-0.20867762,0.05336843,0.14289998,-0.27663457,0.036272112,0.27288377,0.166554,0.15338771,-0.11229439,-0.036925044,0.2710259,0.11437181,0.057716437,-0.21933365,0.11963919
https://example.org/bda/health-risk/aggregate-measurement/cardiovascular-disease/age-4/gender-male/physical-activity,-0.08527899,-0.106683984,-0.045297027,-0.124720186,-0.053442337,-0.29434088,-0.26495746,-0.15027823,-0.12456832,0.20132959,0.18451217,-0.13758463,0.01774765,0.21026337,0.23860133,0.16531584,0.2826584,-0.08109385,0.0021829742,0.0962593,-0.2446724,0.08809232,0.39641255,0.13700725,0.08901528,-0.10583124,-0.07152334,0.36318418,0.10020755,0.09414226,-0.11742365,-0.1246333
https://example.org/bda/health-risk/aggregate-measurement/cardiovascular-disease/age-4/gender-male/smoking,0.11802167,-0.0454889,-0.14445478,-0.31435084,-0.116641924,-0.23891595,0.10819569,-0.24449971,-0.06092745,0.048776425,0.11267025,-0.1166749,0.13734849,0.026800057,-0.023291724,0.1301842,0.248657,-0.24315506,0.10547701,0.21354939,-0.12355684,0.06438106,0.39867395,0.24244334,0.15827979,-0.016860493,0.06503925,0.27319688,0.15875952,0.025609044,-0.30004165,0.13330461
https://example.org/bda/health-risk/aggregate-measurement/cardiovascular-disease/age-4/gender-male/systolic-blood-pressure,-0.22244322,-0.07616959,-0.065929204,-0.22666936,-0.09617698,-0.16277412,-0.25322247,-0.13722733,-0.41900647,-0.14704615,0.15795933,-0.18926167,0.14181541,-0.22914787,0.21182726,0.12873453,0.0887047,-0.099777795,0.0119738,0.16235614,-0.07898482,0.03209374,0.34542784,0.14656374,0.14994282,-0.016129972,-0.029594615,0.2342959,0.2510072,0.17460833,-0.08003481,-0.08637433
https://example.org/bda/health-risk/aggregate-measurement/cardiovascular-disease/age-5/gender-female/age-years,0.29573664,-0.034306522,0.116653,-0.17449714,0.004089804,0.26302004,-0.2093523,0.07975655,-0.20292862,-0.044717826,0.16722758,-0.04701087,0.2308266,0.35114706,0.12876481,-0.2268077,0.14069982,0.055196315,0.12916824,-0.17253032,-0.19706444,0.17009282,0.29242754,0.19815949,0.072190195,-0.1438248,-0.09129509,0.2571603,0.17702296,0.1172652,0.10550516,-0.10739566
https://example.org/bda/health-risk/aggregate-measurement/cardiovascular-disease/age-5/gender-female/body-mass-index,0.28560966,-0.11653879,0.09571366,-0.13192946,-0.06126415,0.23583888,0.17300783,0.032688193,-0.26610586,0.14585914,0.1761391,-0.29798326,0.19050418,-0.17036028,0.152063,-0.14182054,0.21074563,0.18886623,0.13674328,-0.15972035,-0.18403734,0.15368894,0.3099272,0.23395939,-0.010137107,-0.10867796,-0.03569182,0.2550632,0.12037526,0.111984596,0.15754667,-0.069115266
https://example.org/bda/health-risk/aggregate-measurement/cardiovascular-disease/age-5/gender-female/diastolic-blood-pressure,0.00888454,-0.03309018,0.12600556,-0.26383397,-0.02811405,0.28548148,0.04063914,0.14940755,-0.26132306,-0.029086737,0.14899735,-0.27159193,0.24907982,0.0387094,0.09042856,-0.1294658,0.15625885,0.1634141,0.17806911,-0.21995464,-0.15249483,0.17932242,0.3237944,0.2722694,-0.0584839,-0.07524197,-0.006616813,0.24141106,0.19770369,0.237061,0.15063281,0.05026099
https://example.org/bda/health-risk/aggregate-measurement/cardiovascular-disease/age-5/gender-female/glucose-risk,-0.15768,-0.050137896,0.08864044,-0.13083857,-0.035056476,0.35442498,-0.19283915,0.17089441,-0.22950345,-0.112732366,0.17823653,-0.19981869,0.24996871,-0.06877363,0.13764068,-0.161206,0.13971204,0.25254685,0.1771344,-0.19023784,-0.2245988,0.14523213,0.25848395,0.22134528,-0.035619363,-0.12599368,-0.022030972,0.14670742,0.19227244,0.16502771,0.2066199,0.14467013
https://example.org/bda/health-risk/aggregate-measurement/cardiovascular-disease/age-5/gender-female/heavy-alcohol,-0.10803534,-0.086503506,0.03647967,-0.15137039,0.015538013,0.22701477,-0.07730499,0.14865641,-0.36389047,0.12098745,0.18451913,-0.1784762,0.30459443,-0.08371656,0.17988628,-0.20528278,0.1959064,0.11978581,0.20141296,-0.16928534,-0.19703022,0.15111212,0.29610342,0.24881575,0.05455712,-0.13939914,-0.09346562,0.2865902,0.059622448,0.13124053,0.11049326,0.10023597
https://example.org/bda/health-risk/aggregate-measurement/cardiovascular-disease/age-5/gender-female/high-blood-pressure,0.19324398,-0.036337763,0.09140653,-0.086994484,-0.04427759,0.30570185,0.22908114,0.09837063,-0.2853093,-0.056232143,0.1645439,-0.24190821,0.22066972,0.11052382,0.15870193,-0.117430836,0.24312946,0.25244057,0.18679936,-0.17930801,-0.2016549,0.15945032,0.31329158,0.15566589,0.056380842,-0.13279213,-0.08440832,0.18664435,0.16340025,0.14933781,0.15371735,-0.06355712
https://example.org/bda/health-risk/aggregate-measurement/cardiovascular-disease/age-5/gender-female/high-cholesterol,0.22298549,-0.04984107,0.0869147,-0.18983236,-0.02371909,0.16168778,-0.124108195,0.111412324,-0.4453256,0.13506743,0.15000628,-0.14689147,0.16393799,-0.15303105,0.15492065,-0.16229074,0.12638773,0.15882559,0.1779357,-0.16192622,-0.1534145,0.17641582,0.26882452,0.19179422,0.061999265,-0.21375228,-0.045974538,0.26407787,0.0535555,0.11602816,0.28199714,0.09156009
https://example.org/bda/health-risk/aggregate-measurement/cardiovascular-disease/age-5/gender-female/physical-activity,0.18213978,-0.06681393,0.16635887,-0.12040636,-0.05866987,0.0594717,0.16337954,0.08058754,-0.2573553,0.16951971,0.12086193,-0.26434466,0.164654,-0.10021294,0.1010995,-0.13281944,0.22214277,0.23776007,0.292691,-0.16558194,-0.1981372,0.24827223,0.2975261,0.24129148,0.06646758,-0.14977233,0.088430546,0.173755,0.1124402,0.17370695,0.22949515,0.09275119
https://example.org/bda/health-risk/aggregate-measurement/cardiovascular-disease/age-5/gender-female/smoking,-0.23193862,-0.0004676835,0.06937536,0.16593263,0.0275461,0.031357497,0.098802865,-0.19874868,-0.005638051,0.24323183,0.12018411,0.095924005,0.21401204,0.13475136,0.21320572,0.09183952,0.25125518,0.16621716,0.19826837,-0.043187737,-0.2636139,0.077556774,0.36599156,-0.17951696,-0.08368051,0.1257844,0.06010392,0.3775166,0.3344868,0.08554012,0.019725248,-0.0019420525
https://example.org/bda/health-risk/aggregate-measurement/cardiovascular-disease/age-5/gender-female/systolic-blood-pressure,-0.24560715,-0.06673846,0.09279112,-0.06964928,-0.04197546,0.14530711,-0.06049219,0.035444546,-0.29074442,-0.15961358,0.11814973,-0.18582048,0.2209264,-0.2233001,0.16355751,-0.12660566,0.14308567,0.23940395,0.17043604,-0.19327646,-0.1068295,0.2621734,0.35830796,0.1870657,0.039482433,-0.074032195,-0.0064040865,0.26583853,0.19451785,0.18181385,0.18823884,-0.14908224
https://example.org/bda/health-risk/aggregate-measurement/cardiovascular-disease/age-5/gender-male/age-years,0.25708988,0.08993651,-0.0569442,-0.20293523,0.10162917,0.21082185,-0.27980763,-0.061942156,-0.19928761,-0.17420916,0.12603077,0.19652572,0.01054159,0.33131546,0.100720584,-0.17938845,0.20306812,-0.22486597,0.07138553,0.08976165,-0.18266077,0.13096221,0.29104012,-0.1059952,0.09183814,0.099018425,-0.00091663,0.25604102,0.1841077,-0.19784476,-0.23087111,-0.07851566
https://example.org/bda/health-risk/aggregate-measurement/cardiovascular-disease/age-5/gender-male/body-mass-index,0.29243112,0.05624533,-0.053440552,-0.19228087,0.102646545,0.14886662,0.13241936,-0.040638622,-0.24290787,0.09198141,0.1561467,0.1807065,0.100872196,-0.16706571,0.2578006,-0.17730008,0.23086804,-0.13403931,0.055145748,0.06459281,-0.24874413,0.13181517,0.2842523,-0.1711976,0.12638688,0.12737271,-0.06756237,0.3068351,0.25797307,-0.16254295,-0.24852954,-0.07510484
https://example.org/bda/health-risk/aggregate-measurement/cardiovascular-disease/age-5/gender-male/diastolic-blood-pressure,-0.0070463787,0.03887486,-0.0054124426,-0.20218894,0.09935681,0.21042475,-0.16328067,-0.08258043,-0.17537633,-0.011957687,0.07578916,0.1352909,0.09842828,0.07471169,0.15906139,-0.14678434,0.26070446,-0.03078315,0.19290233,-0.06540676,-0.30063063,0.23051691,0.3919518,-0.096222594,0.1488379,0.13755657,0.059490535,0.2974465,0.31297913,-0.17640537,-0.1980632,0.18611254
https://example.org/bda/health-risk/aggregate-measurement/cardiovascular-disease/age-5/gender-male/glucose-risk,-0.06902753,0.046504293,-0.10289316,-0.27228707,0.13273528,0.2860087,-0.14494954,-0.114150666,-0.25963622,-0.043301124,0.19385488,0.17441298,0.110259816,-0.0485422,0.2502985,-0.15067667,0.168268,-0.18802015,0.13250871,0.071269445,-0.20324343,0.14561367,0.3228879,-0.20262292,0.11017462,0.14555593,-0.040045757,0.2803424,0.23943536,-0.19435191,-0.17389566,0.06887265
https://example.org/bda/health-risk/aggregate-measurement/cardiovascular-disease/age-5/gender-male/heavy-alcohol,-0.24452175,0.120944865,-0.028120508,-0.15377939,0.14017731,0.26954642,-0.22890745,-0.09765505,-0.33678794,0.199476,0.12790616,0.13428056,0.1022528,-0.20241508,0.19865374,-0.16584067,0.18924789,-0.21436028,0.10149038,0.010319759,-0.15422393,0.1481666,0.23525399,-0.14179942,0.11241839,0.14770752,-0.009102248,0.2391407,0.16977182,-0.21314682,-0.20514904,0.13954237
https://example.org/bda/health-risk/aggregate-measurement/cardiovascular-disease/age-5/gender-male/high-blood-pressure,0.32828918,0.097278446,-0.05281974,-0.13003986,0.08489654,0.2965204,0.13073719,-0.12790655,-0.039683174,-0.1800687,0.19554207,0.05565489,0.23550504,0.21109332,0.27217376,-0.10728735,0.18147069,-0.01904786,0.19859701,-0.020727437,-0.17855972,0.08817948,0.29261988,-0.059363034,0.06971979,0.16156934,-0.07743888,0.20377007,0.347874,-0.19616263,-0.181598,-0.024500994
https://example.org/bda/health-risk/aggregate-measurement/cardiovascular-disease/age-5/gender-male/high-cholesterol,0.257953,0.014066888,-0.07664407,-0.20256369,0.086953245,0.3229439,-0.15340373,-0.13362746,-0.13671687,0.030274881,0.1855975,0.21631366,0.15229827,-0.21803932,0.23317617,-0.10756986,0.1756097,-0.20055823,0.08046326,0.0739508,-0.13871855,0.15223086,0.31146935,-0.14267966,0.10879491,0.09879566,-0.13861096,0.3186387,0.19356371,-0.1675452,-0.20268002,0.06195143
https://example.org/bda/health-risk/aggregate-measurement/cardiovascular-disease/age-5/gender-male/physical-activity,-0.13362557,0.080502205,-0.0673763,-0.257154,0.13947858,0.23677748,-0.09865552,-0.1755327,-0.07262228,0.15953283,0.08615384,0.21548656,0.18240416,-0.06800365,0.14854412,-0.08659075,0.26624477,-0.26501465,0.15613991,0.12856169,-0.2005945,0.19101842,0.27394435,-0.1073557,0.1164297,0.13693334,0.10962347,0.17167622,0.2937907,-0.18073627,-0.21690385,0.22747795
https://example.org/bda/health-risk/aggregate-measurement/cardiovascular-disease/age-5/gender-male/smoking,-0.10443548,0.08619068,-0.07669229,-0.17372821,0.13280962,0.2833078,0.18872325,-0.17691515,-0.23666303,0.18635857,0.037245806,0.25800347,0.16589369,0.36241347,0.055559307,-0.15485807,0.17621458,-0.17153494,0.11265888,0.050024882,-0.12847838,0.24055538,0.2273069,-0.19972147,0.14234908,0.1648994,0.041768674,0.17034072,0.22659329,-0.17539886,-0.18482956,-0.008490102
https://example.org/bda/health-risk/aggregate-measurement/cardiovascular-disease/age-5/gender-male/systolic-blood-pressure,0.011221163,0.051767096,-0.15797515,-0.36067247,0.18690482,0.34777457,-0.16208814,-0.14839359,-0.052635252,-0.028580908,0.017100977,0.23621656,-0.054137982,-0.20444538,0.16366753,-0.12803479,0.08970701,-0.28080755,0.044889275,0.061823796,-0.033805456,0.15007976,0.31478998,-0.3061268,0.09380636,0.07931666,-0.06342172,0.25563553,0.047206808,-0.23524839,-0.18081355,0.08034858
https://example.org/bda/health-risk/aggregate-measurement/cardiovascular-disease/age-6/gender-female/age-years,0.09478848,0.16997048,0.120052084,0.2272217,-0.09034985,0.24332948,-0.017966464,-0.14303857,-0.27666175,0.021702096,0.11937492,0.20268182,0.1559785,-0.031037733,0.19733486,-0.13733031,0.16774975,0.14125979,0.05229165,-0.23622027,-0.16081096,0.12681887,0.32116902,0.11739759,0.14443144,0.18024756,-0.13053928,0.25186968,0.17225525,-0.25954956,-0.30578876,0.051134735
https://example.org/bda/health-risk/aggregate-measurement/cardiovascular-disease/age-6/gender-female/body-mass-index,0.23788491,0.11295785,0.21429314,0.27416742,-0.10240677,0.16872977,0.17767873,-0.12949415,-0.05271963,0.03549676,0.14090334,0.21118318,0.19309315,-0.055666123,0.08752305,-0.13323171,0.18528815,0.121755935,0.06445469,-0.22814234,-0.22349867,0.10168256,0.23365802,0.09048622,0.14391421,0.19849673,-0.02306489,0.34331593,0.2793294,-0.19792612,-0.25151658,0.023995606
https://example.org/bda/health-risk/aggregate-measurement/cardiovascular-disease/age-6/gender-female/diastolic-blood-pressure,-0.08680924,0.11865426,0.17359881,0.18028827,-0.14996438,0.13858683,-0.05386972,-0.057940077,-0.19157548,-0.041582372,0.14268824,0.14700785,0.23715006,0.004082506,0.20837829,-0.19344689,0.1280631,0.109659635,-0.0589877,-0.23163994,-0.11414665,0.09261378,0.3044291,0.26307553,0.13144298,0.12658098,-0.1418333,0.36423454,0.27962807,-0.22677788,-0.2009731,-0.158557
https://example.org/bda/health-risk/aggregate-measurement/cardiovascular-disease/age-6/gender-female/glucose-risk,-0.24715881,0.09699776,0.08349084,0.19939879,-0.064623415,0.1587468,-0.07945193,-0.098778754,-0.15001333,-0.08005841,0.122004546,0.27748248,0.15030234,0.13563454,0.18592878,-0.09492299,0.2452662,0.20915465,0.09642573,-0.186958,-0.26098138,0.123341285,0.35121778,0.012587586,0.09976856,0.17699131,0.023262022,0.28478494,0.23663203,-0.24322198,-0.18475296,0.0690404
https://example.org/bda/health-risk/aggregate-measurement/cardiovascular-disease/age-6/gender-female/heavy-alcohol,-0.4383452,0.07163137,0.104782894,0.26146626,-0.12051608,0.17751496,-0.17315231,-0.15226763,-0.19126627,0.20018439,0.07951693,0.14350511,-0.11255696,-0.14394274,0.1083269,-0.10704431,0.15549189,0.1921158,-0.062359586,0.008582993,-0.216182,0.067822896,0.26741627,0.07165219,0.11022628,0.13206795,-0.21505086,0.2443199,-0.1156454,-0.30926982,-0.15550612,0.047510166
https://example.org/bda/health-risk/aggregate-measurement/cardiovascular-disease/age-6/gender-female/high-blood-pressure,0.2789534,0.16963215,0.10607505,0.17699215,-0.043397453,0.23682392,0.23450045,-0.1420936,-0.22389121,-0.2240922,0.10637239,0.21765879,-0.15149158,0.1584723,0.10711747,-0.10398785,0.13870262,0.22003452,-0.074484706,-0.259722,-0.041361798,0.09857455,0.2529749,0.1658821,0.12689503,0.19451423,-0.10765924,0.20669891,0.030460045,-0.18642645,-0.2408588,-0.20675908
https://example.org/bda/health-risk/aggregate-measurement/cardiovascular-disease/age-6/gender-female/high-cholesterol,0.27132678,0.07848478,0.102849774,0.18020031,-0.08466961,0.19222341,-0.18351987,-0.07047752,-0.16144173,0.17281534,0.24386263,0.14661367,0.2425277,-0.1882588,0.20984496,-0.080570675,0.1452988,0.22926773,0.10061397,-0.2253083,-0.2010512,0.03586728,0.295017,0.13787913,0.08229797,0.052475657,-0.098973,0.35425374,0.1522488,-0.12972738,-0.17896514,0.11642216
https://example.org/bda/health-risk/aggregate-measurement/cardiovascular-disease/age-6/gender-female/physical-activity,-0.3137865,0.06252308,0.11066818,0.15672502,-0.07969402,0.20515944,-0.22094096,-0.050281838,-0.17387107,0.25331444,0.18541507,0.09947556,0.10123697,0.20194075,0.18523341,-0.072522186,0.19900975,0.23096076,0.037426256,-0.28216282,-0.18191892,0.07862338,0.26585874,0.1962608,0.1070103,0.11251916,0.024467327,0.32374182,0.14462227,-0.14456579,-0.17661345,-0.08242897
https://example.org/bda/health-risk/aggregate-measurement/cardiovascular-disease/age-6/gender-female/smoking,-0.28037935,0.19127782,0.11142245,0.27767825,-0.07217156,0.3663513,0.09429451,-0.19660729,-0.13359162,0.17251536,0.11697297,0.259778,-0.07498592,0.12748036,0.082325526,-0.09246027,0.15268266,0.20674103,-0.113750175,-0.23028477,-0.12650545,0.11798051,0.12613146,0.06487129,0.119583875,0.21528624,-0.11986086,0.2014412,-0.08791874,-0.20542993,-0.2881131,-0.10833983
https://example.org/bda/health-risk/aggregate-measurement/cardiovascular-disease/age-6/gender-female/systolic-blood-pressure,-0.15970312,0.12151333,0.077010036,0.1567755,-0.049943637,0.31244102,-0.18983665,-0.105158985,-0.21048376,-0.104108274,0.14827666,0.14114563,0.29688677,-0.13171624,0.18005772,-0.05897179,0.17255874,0.20530204,0.07319371,-0.16755475,-0.16147919,0.062427986,0.320701,0.01646937,0.08920086,0.15830278,0.020540103,0.24898978,0.34637865,-0.21377583,-0.20965853,-0.007131989
https://example.org/bda/health-risk/aggregate-measurement/cardiovascular-disease/age-6/gender-male/age-years,-0.029464483,0.14896674,-0.17135106,-0.20597915,0.22880614,0.008577305,-0.2224189,0.20110804,0.0836626,-0.08730269,0.054382,0.23553173,0.27069405,0.20397702,-0.09847404,0.10917122,-0.04407431,0.052569687,0.11014026,-0.26255396,-0.03853027,-0.14055598,0.2781219,-0.38885996,0.18133529,-0.17667443,-0.0703039,0.28106526,0.20851323,0.15298927,0.027768252,-0.04464711
https://example.org/bda/health-risk/aggregate-measurement/cardiovascular-disease/age-6/gender-male/body-mass-index,0.22385933,0.15364861,-0.09028337,-0.17619175,0.07069976,0.088753246,0.2494767,0.1655833,-0.013136969,0.16792072,0.1449127,0.25095257,0.07756778,-0.1344151,0.23422042,0.102826335,0.22910774,0.09257888,0.1770579,-0.16392106,-0.28516123,-0.12406821,0.2741969,-0.25479704,0.14331986,-0.17143103,-0.04802566,0.31612897,0.19741255,0.13954288,0.01543609,-0.12544939
https://example.org/bda/health-risk/aggregate-measurement/cardiovascular-disease/age-6/gender-male/diastolic-blood-pressure,0.12523201,0.2127456,-0.13943543,-0.14928478,0.06883118,-0.10339644,-0.07786918,0.09461492,-0.004015835,-0.036931977,0.11588514,0.22069253,0.26557672,-0.14370203,0.14384902,-0.0020786051,0.14453349,0.10699058,0.12699768,-0.26004046,-0.14585781,-0.10092672,0.39097556,-0.1962151,0.12866755,-0.23243831,-0.14529338,0.34781393,0.30168733,0.15388745,0.079026975,0.13773982
https://example.org/bda/health-risk/aggregate-measurement/cardiovascular-disease/age-6/gender-male/glucose-risk,-0.031019697,0.15142368,-0.19037284,-0.16530168,0.12660466,0.34513223,-0.20077021,0.13669908,-0.052229714,-0.14513743,0.114258185,0.20262618,0.25234586,-0.08615463,0.18807922,0.08654021,0.08054553,0.09109772,0.13312009,-0.1822045,-0.16481812,-0.12284579,0.29517797,-0.28819847,0.18650164,-0.2506058,-0.060085163,0.26816264,0.22875834,0.109342895,-0.0038319996,0.104757406
https://example.org/bda/health-risk/aggregate-measurement/cardiovascular-disease/age-6/gender-male/heavy-alcohol,-0.12960187,0.10406064,-0.1495021,-0.17647918,0.068856865,0.002307521,-0.19898473,0.187488,0.021546697,0.11497411,0.20808636,0.20679261,0.21914709,-0.13391092,0.24121672,0.12715459,0.21847343,0.114830695,0.14048412,-0.17483416,-0.23039183,-0.18874231,0.32937995,-0.18753536,0.07519285,-0.17179419,-0.1281229,0.37568516,0.06269159,0.21281923,0.109962456,0.04132268
https://example.org/bda/health-risk/aggregate-measurement/cardiovascular-disease/age-6/gender-male/high-blood-pressure,0.3073653,0.14786154,-0.20728037,-0.18631323,0.09524728,0.0692667,0.1655488,0.15450026,0.25904208,-0.13609178,0.16319267,0.24161828,0.24362111,0.23288268,0.16461718,0.123271465,0.17401905,0.068131186,0.13349208,-0.20716073,-0.12692681,-0.15971962,0.27222532,-0.2098236,0.10655911,-0.14958318,-0.028684456,0.21510491,0.15889059,0.20351948,0.10296952,-0.02860772
https://example.org/bda/health-risk/aggregate-measurement/cardiovascular-disease/age-6/gender-male/high-cholesterol,0.2406301,0.053561218,-0.118029796,-0.11535081,0.06223854,0.2539624,-0.2256546,0.15383711,0.10316449,0.08382093,0.2011597,0.14859813,0.19298561,-0.119542144,0.15476169,0.0777237,0.22950283,0.030211749,0.2494664,-0.11736841,-0.24217321,-0.1957307,0.30941376,-0.20391878,0.109851666,-0.08785116,-0.048804715,0.36010137,0.15059601,0.18021832,0.15449786,0.11204928
https://example.org/bda/health-risk/aggregate-measurement/cardiovascular-disease/age-6/gender-male/physical-activity,0.0068484806,0.16009705,-0.15556802,-0.11615312,0.08178092,-0.11378323,-0.039997336,0.2197315,0.018310927,-0.03204948,0.16765514,0.19541061,0.14135225,0.00788408,0.2141953,0.15010682,0.25518608,0.12595348,0.21397258,-0.26379177,-0.27829343,-0.14234059,0.36376402,-0.11224507,0.124373436,-0.19074667,-0.115683876,0.39759952,0.04732661,0.21496943,0.015241379,-0.003353089
https://example.org/bda/health-risk/aggregate-measurement/cardiovascular-disease/age-6/gender-male/smoking,-0.19880335,0.17584331,-0.17867562,-0.18098551,0.18438795,0.051750995,0.24651212,0.1451422,-0.1388104,0.122436374,0.18582928,0.28760657,0.21275473,0.25258586,0.14261183,0.1206592,0.15725027,0.020104203,0.11027402,-0.21122818,-0.127745,-0.18194804,0.36869332,-0.21147458,0.10428441,-0.15694492,-0.07501702,0.23587498,0.13444467,0.14945516,-0.0025452096,-0.041404255
https://example.org/bda/health-risk/aggregate-measurement/cardiovascular-disease/age-6/gender-male/systolic-blood-pressure,-0.08557698,0.17512567,-0.1754911,-0.16950764,0.1313777,0.25754258,-0.13003188,0.15313257,-0.20217215,-0.12921567,0.12793605,0.20400368,0.22469708,-0.15561114,0.23683295,0.12143597,0.039205197,0.07358032,0.064315066,-0.23863132,-0.010343227,-0.13624057,0.29675752,-0.3170618,0.15630147,-0.23401962,-0.08739093,0.25613478,0.18111607,0.17922518,0.0042839153,-0.15735678
https://example.org/bda/health-risk/aggregate-measurement/cardiovascular-disease/age-7/gender-female/age-years,0.03533656,0.09967517,0.07511125,0.1755243,-0.048738826,0.2198519,-0.25743032,-0.16159558,0.030539116,-0.15408571,0.15251176,-0.20823519,0.32923314,0.21375719,0.14898364,0.031672217,0.1867365,-0.13778585,0.095849045,-0.11648269,-0.26687315,0.14043143,0.32994637,0.09273533,-0.013492071,-0.08874049,-0.01092708,0.3228822,0.33540693,0.058180775,0.1641641,-0.020247769
https://example.org/bda/health-risk/aggregate-measurement/cardiovascular-disease/age-7/gender-female/body-mass-index,0.29055235,0.19000132,0.0793295,0.14392468,-0.05720994,0.20916808,0.20600942,-0.127936,0.11225076,0.14888349,0.1648271,-0.15405136,0.17833164,-0.2717637,0.1504604,0.11060983,0.23341922,-0.14931156,0.06701464,-0.25921735,-0.24576427,0.16063495,0.24153168,0.1689615,-0.021119172,-0.10623833,-0.027448354,0.28315905,0.1758138,0.12874524,0.24235165,-0.002318983
https://example.org/bda/health-risk/aggregate-measurement/cardiovascular-disease/age-7/gender-female/diastolic-blood-pressure,-0.2072917,0.16645515,0.07340668,0.12990627,-0.05842902,0.26091817,-0.21432158,-0.12724973,0.31617248,0.07417855,0.12453153,-0.14582211,0.26273936,0.027893104,0.08620232,0.14261201,0.1826504,-0.23194051,0.04652083,-0.2303153,-0.23351751,0.15272962,0.21108685,0.16357164,-0.04829481,-0.0835932,0.10202765,0.16316569,0.28598645,0.17836432,0.20529035,0.19996376
https://example.org/bda/health-risk/aggregate-measurement/cardiovascular-disease/age-7/gender-female/glucose-risk,-0.20829128,0.07852573,0.05543913,0.06463604,-0.09553207,0.22345567,-0.20130235,-0.18059012,0.37443513,-0.11254043,0.14805517,-0.18175566,0.22070558,-0.14788438,0.14784579,0.1575885,0.18530042,-0.14598525,0.055879686,-0.1657374,-0.27399966,0.12602563,0.29701918,0.14998324,-0.08336976,-0.13329194,-0.069878176,0.29903618,0.18001625,0.085359596,0.16209331,0.114039466
https://example.org/bda/health-risk/aggregate-measurement/cardiovascular-disease/age-7/gender-female/heavy-alcohol,-0.16038166,0.11930495,0.075748324,0.11816462,-0.05679391,0.33151087,-0.2739226,-0.17301501,0.19551411,0.16629878,0.20049353,-0.24562386,0.19745278,-0.18270747,0.16706619,0.13915452,0.21767187,-0.121701844,0.060758576,-0.13293631,-0.24231365,0.10970056,0.24284366,0.121636584,-0.066792086,-0.09708297,-0.0031590068,0.32846215,0.09761604,0.14356932,0.23124374,0.05218236
https://example.org/bda/health-risk/aggregate-measurement/cardiovascular-disease/age-7/gender-female/high-blood-pressure,0.23770747,0.1687641,0.11391352,0.2020344,-0.08569047,0.20933385,0.16895181,-0.14536086,0.3437445,-0.10709213,0.07893553,-0.1892747,0.12666969,0.19646674,0.08835768,0.17684323,0.21299426,-0.16601025,0.09340586,-0.22421992,-0.22573882,0.1600576,0.30740443,0.12506686,-0.1259023,-0.17498685,-0.038971283,0.24222006,0.117557794,0.12339799,0.20154575,-0.0015189031
https://example.org/bda/health-risk/aggregate-measurement/cardiovascular-disease/age-7/gender-female/high-cholesterol,0.3080089,0.19683138,0.0677332,0.13145982,-0.08113929,0.14118943,-0.36156714,-0.07244624,0.22035997,0.24081399,0.20529588,-0.20080718,0.14103507,-0.21685512,0.13769372,0.10974349,0.17588606,-0.21136269,0.11964361,-0.21472922,-0.2127696,0.13507618,0.27765888,0.1840811,-0.0052749678,-0.03636611,-0.05256686,0.19616589,0.031066084,0.03765004,0.14052251,0.14080873
https://example.org/bda/health-risk/aggregate-measurement/cardiovascular-disease/age-7/gender-female/physical-activity,0.04488946,0.15822062,0.10591549,0.13792346,-0.10369538,0.2396685,0.028361656,-0.23557019,0.25000107,0.10293378,0.0963777,-0.22126314,0.18053089,-0.02101389,0.02985397,0.1464568,0.19517684,-0.31254524,0.13366005,-0.13571562,-0.21426493,0.15624927,0.28100228,0.23649491,-0.08126217,-0.16524605,-0.029414924,0.3135742,0.099304624,0.14489117,0.29134417,0.07338378
https://example.org/bda/health-risk/aggregate-measurement/cardiovascular-disease/age-7/gender-female/smoking,-0.23970802,0.30319992,0.05939816,0.25970846,-0.09795334,0.22722822,0.1766565,-0.2532871,0.16610236,0.14796157,0.11910198,-0.16147138,0.14307265,0.14556871,0.073132396,0.26979026,0.21271051,-0.18157406,0.054476716,-0.22294095,-0.21579501,0.14865802,0.23498513,0.12773515,-0.06476073,-0.03348255,0.0149178505,0.20758411,0.1065398,0.09421793,0.27093074,0.012711465
https://example.org/bda/health-risk/aggregate-measurement/cardiovascular-disease/age-7/gender-female/systolic-blood-pressure,-0.19661133,0.1617497,0.09541764,0.09419366,-0.056757722,0.31903592,-0.2869101,-0.12061666,0.123040386,-0.17559697,0.15351182,-0.23519424,0.2314074,-0.26318088,0.19143666,0.18608367,0.12049483,-0.045039773,0.04092375,-0.14256231,-0.0924218,0.16011369,0.28228864,0.14555593,-0.032214615,-0.11331507,-0.021706095,0.2661827,0.23614654,0.11804663,0.25077713,-0.07070296
https://example.org/bda/health-risk/aggregate-measurement/cardiovascular-disease/age-7/gender-male/age-years,0.1216942,-0.17062153,0.07668479,0.13615023,-0.08276382,-0.22436872,-0.18023255,-0.15336628,0.23816574,-0.12894191,0.110647574,0.20596257,0.17841743,0.206078,0.23802593,-0.091514595,0.19500029,-0.23183462,0.10457357,-0.21698214,-0.13385616,0.10380369,0.37885183,0.1311157,-0.10815882,-0.11266288,-0.13667534,0.23252688,0.17593934,0.21816216,-0.17833135,-0.0665363
https://example.org/bda/health-risk/aggregate-measurement/cardiovascular-disease/age-7/gender-male/body-mass-index,0.20833999,-0.14915454,0.05520428,0.25267056,-0.08287333,-0.18522662,0.13376969,-0.11634271,0.39864013,0.092499144,0.19386704,0.2070477,0.24513936,-0.13823603,0.1435182,-0.16208583,0.17052017,-0.20938225,0.15719955,-0.11282976,-0.19536617,0.08757142,0.2996662,0.08261096,-0.11910401,-0.092209615,-0.12560336,0.14848213,0.22398612,0.11188813,-0.20714483,-0.043875534
https://example.org/bda/health-risk/aggregate-measurement/cardiovascular-disease/age-7/gender-male/diastolic-blood-pressure,-0.0067154765,-0.08579166,0.06513079,0.20307592,-0.015895164,-0.42294374,-0.27288914,-0.07674477,-0.01401182,0.09518789,0.14814056,0.23586243,0.2957656,-0.111969054,0.095863104,-0.062951006,0.16136497,-0.13315344,0.15926372,-0.18691319,-0.2327783,0.11380657,0.3253955,0.054767217,-0.06406376,-0.08385557,-0.0028152307,0.16115865,0.30111703,0.12133571,-0.2057022,0.15069002
https://example.org/bda/health-risk/aggregate-measurement/cardiovascular-disease/age-7/gender-male/glucose-risk,-0.16305351,-0.17683098,0.097285606,0.19464378,-0.06980569,-0.2906306,-0.24075179,-0.070008904,0.24261819,-0.11878199,0.13070627,0.24145454,0.1904558,-0.12373054,0.13697729,-0.097900085,0.09346995,-0.10720879,0.22732745,-0.14878586,-0.13578813,0.050303895,0.3621284,0.18131474,-0.07703334,-0.11558898,-0.06132684,0.14841774,0.29522273,0.17929666,-0.22211549,0.14681922
https://example.org/bda/health-risk/aggregate-measurement/cardiovascular-disease/age-7/gender-male/heavy-alcohol,-0.054581173,-0.1663411,0.11504437,0.23970485,-0.057296332,-0.06919243,-0.024610179,-0.1255605,0.29867902,0.096530326,0.0653708,0.19149229,0.31868523,0.048187446,0.14209127,-0.11853993,0.18667449,-0.2328896,0.21308276,-0.24231672,-0.23482649,0.09293463,0.33099717,0.032575905,-0.15146932,-0.11741218,-0.1079731,0.16081554,0.19632813,0.18406986,-0.2700659,0.096978515
https://example.org/bda/health-risk/aggregate-measurement/cardiovascular-disease/age-7/gender-male/high-blood-pressure,0.22720174,-0.14621417,0.096969426,0.2389487,-0.08858843,-0.16949484,0.11178972,-0.14964332,0.3894938,-0.1326761,0.18875094,0.0955486,0.1772051,0.29118,0.19047146,-0.13917461,0.16961114,-0.1155537,0.08579102,-0.1508122,-0.09012687,0.08936592,0.34827945,0.12167252,-0.12946062,-0.1243574,-0.13760753,0.25288957,0.14289656,0.060267113,-0.13814768,-0.14299078
https://example.org/bda/health-risk/aggregate-measurement/cardiovascular-disease/age-7/gender-male/high-cholesterol,0.24914764,-0.12182087,0.085444935,0.18032674,-0.05899408,-0.2866103,-0.14138314,-0.12487526,0.28762278,0.17047253,0.17549726,0.16073462,0.2277142,-0.07467214,0.15053698,-0.12017207,0.2174547,-0.14199132,0.14727962,-0.2483201,-0.21549624,0.119345464,0.2960452,0.1585055,-0.119229205,-0.13397652,-0.1639582,0.2112533,0.06783766,0.18061045,-0.17718257,0.050601467
https://example.org/bda/health-risk/aggregate-measurement/cardiovascular-disease/age-7/gender-male/physical-activity,-0.25389808,-0.13726528,0.07658306,0.13293855,-0.111454576,-0.1945055,-0.19080725,-0.1414814,0.40930206,0.22463445,0.12551624,0.30827644,0.18259068,0.17980404,0.03067172,-0.101585634,0.2010879,-0.08486247,0.16334231,-0.17058513,-0.23701854,0.09694405,0.28082156,0.09268376,-0.06386533,-0.15940958,-0.066521026,0.17089723,0.16145879,0.08427088,-0.14521174,-0.08335251
https://example.org/bda/health-risk/aggregate-measurement/cardiovascular-disease/age-7/gender-male/smoking,-0.12963383,-0.1625768,0.081993386,0.16418333,-0.06372649,-0.29613647,0.044058815,-0.124716975,0.45492297,0.10408638,0.14413555,0.2512242,0.27690247,0.15168309,0.14608395,-0.10282461,0.16999911,-0.17394374,0.1691194,-0.23287752,-0.18125018,0.047958355,0.21359634,0.16091672,-0.112253465,-0.18173304,-0.034064226,0.14687508,0.16568975,0.13501316,-0.11653198,0.065399915
https://example.org/bda/health-risk/aggregate-measurement/cardiovascular-disease/age-7/gender-male/systolic-blood-pressure,-0.15929903,-0.1869804,0.17704494,0.16062568,-0.03860983,-0.10227269,-0.09166737,-0.05207317,0.53370607,-0.21559432,0.118673034,0.1944752,0.13050456,-0.20091261,0.19217016,0.012616366,0.042317003,-0.0880323,0.073896326,-0.23657921,-0.0072162845,0.0911738,0.3092377,0.10616985,-0.1520862,-0.13189353,-0.15214188,0.24231984,0.12945785,-0.0017418981,0.0140554365,-0.23696275
https://example.org/bda/health-risk/aggregate-measurement/cardiovascular-disease/age-8/gender-female/age-years,0.18506193,-0.1475344,-0.12345117,-0.17016472,-0.053454015,0.27477965,-0.20965719,-0.072377056,0.21661615,-0.10596338,0.11522226,0.21230213,0.27356124,0.20067085,0.063880675,0.10927991,0.17582789,0.114331275,0.22471566,0.100002475,-0.20805395,-0.19631444,0.35863516,0.13119748,-0.025490167,0.1800838,0.058360953,0.134855,0.2648581,0.09931362,0.23853995,0.029641068
https://example.org/bda/health-risk/aggregate-measurement/cardiovascular-disease/age-8/gender-female/body-mass-index,0.1287554,-0.16022642,-0.09617268,-0.14062402,-0.08660654,0.24597487,0.14553675,-0.14740449,0.12954906,-0.060323544,0.1736761,0.28600955,-0.0480173,-0.09283945,0.27442148,0.11880853,0.20264705,0.22137068,0.04713069,0.20392226,-0.153989,-0.15664768,0.33789757,0.19986469,-0.14811991,0.18542674,-0.26887667,0.24865434,-0.03983613,0.14250341,0.16434869,-0.0973586
https://example.org/bda/health-risk/aggregate-measurement/cardiovascular-disease/age-8/gender-female/diastolic-blood-pressure,0.22997166,-0.14542566,-0.14763577,-0.20258379,-0.16183828,0.20193449,-0.0069179903,-0.075114004,0.21894197,-0.034292866,0.21050963,0.2863333,0.21379583,0.016213264,0.121888965,0.10960506,0.17652154,0.23407476,0.22619641,0.2013936,-0.19040386,-0.16073303,0.36928388,0.1442097,-0.12552644,0.11073405,-0.06367944,0.14977516,0.16614147,0.14338972,0.20638902,0.0041114823
https://example.org/bda/health-risk/aggregate-measurement/cardiovascular-disease/age-8/gender-female/glucose-risk,-0.18562235,-0.15649804,-0.10570616,-0.21808687,-0.10042857,0.14622487,-0.070851885,-0.09180986,0.3167127,-0.15171714,0.16381006,0.20570321,0.19385825,-0.09734028,0.22759856,0.087413445,0.15813124,0.0545985,0.16499738,0.18671764,-0.28914472,-0.057943996,0.36555094,0.17979108,-0.10506801,0.1457216,-0.11793574,0.1966363,0.23031648,0.14749007,0.16185087,0.097966835
https://example.org/bda/health-risk/aggregate-measurement/cardiovascular-disease/age-8/gender-female/heavy-alcohol,-0.23025908,-0.11415852,-0.07157948,-0.18171059,-0.08943873,0.1576138,-0.18185906,-0.15069011,0.2583748,0.16817638,0.20439543,0.27581722,0.14028598,-0.1776488,0.15927508,0.10211687,0.19883944,0.22085026,0.15301737,0.2310811,-0.24083869,-0.054658182,0.29040512,0.11976943,-0.09763451,0.12853137,-0.038660944,0.17735814,0.020348912,0.23823804,0.22182244,0.13069123
https://example.org/bda/health-risk/aggregate-measurement/cardiovascular-disease/age-8/gender-female/high-blood-pressure,0.24963067,-0.11936778,-0.0669271,-0.17676239,-0.060307898,0.28356698,0.11336074,-0.16819397,0.36057407,-0.15697362,0.13707648,0.19549498,0.19063392,0.2284653,0.15064448,0.0792969,0.15692279,0.09502609,0.18943013,0.28827822,-0.10718871,-0.06942334,0.3020123,0.19633113,-0.09948706,0.126075,-0.023199132,0.107379064,0.15353821,0.12515958,0.23970896,-0.00854646
https://example.org/bda/health-risk/aggregate-measurement/cardiovascular-disease/age-8/gender-female/high-cholesterol,-0.036687907,-0.13027069,-0.12286441,-0.24535158,-0.11774733,0.3043306,0.13572146,-0.09481109,-0.010813441,0.050992563,0.07020594,0.19227406,0.1599292,0.2586843,0.16891718,0.056396507,0.25411016,0.12823796,0.24867286,0.24652554,-0.30130312,-0.08340295,0.4083463,0.18721755,-0.099374555,0.18469518,0.04714661,0.09851171,0.15572992,0.036830522,0.10078888,0.093954
https://example.org/bda/health-risk/aggregate-measurement/cardiovascular-disease/age-8/gender-female/physical-activity,-0.13074534,-0.06002015,-0.043672543,-0.12902346,-0.10646945,0.09645997,-0.16176037,-0.17856906,0.23561628,0.1293252,0.15710545,0.22658865,0.21026626,0.15976234,0.23382585,0.13272628,0.20256118,0.10201036,0.18572006,0.16139717,-0.15567775,-0.0968111,0.42415643,0.09579332,-0.04115208,0.10288806,-0.10415739,0.35164335,0.16828547,0.10232135,0.25610766,-0.07701175
https://example.org/bda/health-risk/aggregate-measurement/cardiovascular-disease/age-8/gender-female/smoking,-0.2656508,-0.07639027,-0.10076827,-0.13227007,-0.0667735,0.13991149,0.21686931,-0.117106825,0.19045083,0.12238457,0.15846686,0.17555402,0.19959123,0.264,0.21266747,0.025351861,0.26639953,0.086789645,0.16269404,0.12896755,-0.26484957,-0.05610907,0.32759857,0.19042142,-0.052290212,0.122277,-0.08809276,0.28929424,0.1765252,0.19487563,0.16886622,-0.05755185
https://example.org/bda/health-risk/aggregate-measurement/cardiovascular-disease/age-8/gender-female/systolic-blood-pressure,-0.2708072,-0.11884117,-0.019082174,-0.23203279,-0.05187962,0.18440731,-0.21086118,-0.105355576,0.26679885,-0.25662303,0.14822346,0.20293626,0.23311166,-0.20422146,0.17451736,0.11116123,0.12737045,0.16292132,0.21134827,0.13079819,-0.11683062,-0.05850219,0.35164875,0.093387425,-0.051860157,0.16715655,-0.018164799,0.17682351,0.2794463,0.06233911,0.15729748,-0.06393078
https://example.org/bda/health-risk/aggregate-measurement/cardiovascular-disease/age-8/gender-male/age-years,0.09715482,0.102876544,0.1631221,0.22611749,0.16874665,-0.24410579,-0.22508533,0.09780095,-0.21514031,-0.134803,0.037469395,0.08973504,0.19088002,0.29271677,0.028969875,-0.06210671,0.22566152,-0.28731117,0.089891106,-0.098524205,-0.3283806,0.15728992,0.32634875,-0.11556085,0.088534065,0.14827004,0.035978522,0.12624632,0.18447478,0.18993637,0.17256792,0.050874203
https://example.org/bda/health-risk/aggregate-measurement/cardiovascular-disease/age-8/gender-male/body-mass-index,0.21979105,0.0763407,0.10084196,0.16036895,0.060698792,-0.15856232,0.37130198,0.13053805,-0.26154956,0.18205845,0.072269216,0.0007010487,0.19990386,-0.2859293,-0.009965124,0.02050682,0.2779676,-0.1553671,0.10174817,-0.015129021,-0.37091073,0.10104395,0.2294534,-0.14791189,0.11822376,0.11784857,0.06547805,0.059747223,0.2835573,0.08978758,0.18582691,0.0649073
https://example.org/bda/health-risk/aggregate-measurement/cardiovascular-disease/age-8/gender-male/diastolic-blood-pressure,-0.17931613,0.10700711,0.20634367,0.24947481,0.114002176,-0.09756823,-0.11413016,0.12639514,-0.35469067,0.050697837,0.12246613,0.121325254,0.19248523,-0.03278715,0.15768838,0.019298041,0.18880548,-0.2861109,0.015581782,-0.122934066,-0.17985861,0.16543035,0.376524,-0.09563028,0.14761351,0.18504027,0.021031274,0.13304004,0.18797305,0.20459099,0.2651538,0.1159367
https://example.org/bda/health-risk/aggregate-measurement/cardiovascular-disease/age-8/gender-male/glucose-risk,-0.11560004,0.08538217,0.09770691,0.17936687,0.14065953,-0.21770206,-0.2291962,0.09202427,-0.35035086,-0.05106918,0.1631784,0.1264159,0.20860909,-0.30229023,0.14640024,0.066418186,0.121791795,-0.20286478,0.031650353,-0.19098727,-0.21042734,0.11223193,0.29874906,-0.1778478,0.16982526,0.12235009,-0.030677304,0.15401438,0.19017772,0.17888507,0.23574056,0.13157088
https://example.org/bda/health-risk/aggregate-measurement/cardiovascular-disease/age-8/gender-male/heavy-alcohol,-0.31629828,0.08508042,0.12862171,0.24478202,0.07443052,-0.11481556,-0.23667005,0.15714458,-0.33743852,0.2257336,0.14623366,0.14315754,0.15241492,-0.18096338,0.19963215,-0.02506027,0.2590158,-0.18223234,0.1139569,-0.055806708,-0.34623984,0.086209476,0.22586429,-0.061258804,0.1117157,0.11258911,0.036191646,0.097358264,-0.0045982474,0.19826056,0.17001492,0.104923636
https://example.org/bda/health-risk/aggregate-measurement/cardiovascular-disease/age-8/gender-male/high-blood-pressure,0.10817287,0.10370746,0.08628852,0.1971087,0.15401782,-0.18538284,0.033280525,0.08607865,-0.26621476,-0.1717093,0.13036685,0.03781116,0.2813881,0.2410131,0.2539007,0.089227974,0.12518121,-0.29967234,-0.01619471,-0.06366971,-0.12861261,0.110011294,0.35980073,-0.28045475,0.13247585,0.17085783,-0.08247952,0.19347419,0.16947396,0.13527176,0.22720982,0.0007451505
https://example.org/bda/health-risk/aggregate-measurement/cardiovascular-disease/age-8/gender-male/high-cholesterol,0.30380654,0.12176306,0.08683638,0.1592526,0.10785387,-0.1514137,-0.16605507,0.093645155,-0.26931322,0.07301064,0.15866798,0.12664989,0.2617537,0.011432534,0.17792636,0.052767172,0.2511169,-0.25802553,0.055847622,-0.09252107,-0.17173555,0.09350206,0.41560155,-0.21260361,0.12046396,0.17353529,0.026615791,0.19776376,0.21456401,0.06536534,0.18366002,-0.03073203
https://example.org/bda/health-risk/aggregate-measurement/cardiovascular-disease/age-8/gender-male/physical-activity,-0.12518622,0.06789357,0.13713665,0.19125105,0.15133499,-0.2186162,-0.22072059,0.11925715,-0.21621752,0.12650971,0.19083743,0.095157765,0.33234364,0.160485,0.22138934,0.08619567,0.19172122,-0.12939246,0.09730738,-0.13018453,-0.27548456,0.10439981,0.30591264,-0.23099725,0.13763414,0.04450328,-0.018993339,0.16540784,0.2432665,0.1762466,0.19248806,-0.015298369
https://example.org/bda/health-risk/aggregate-measurement/cardiovascular-disease/age-8/gender-male/smoking,-0.04948276,0.121852204,0.06628138,0.17364143,0.1618279,-0.1275642,-0.056574985,0.09127636,-0.33296633,0.07542246,0.11809599,0.10142806,0.3176576,-0.01364912,0.12452636,0.06448362,0.26067922,-0.24783133,0.11468494,-0.15753587,-0.32437807,0.057893604,0.33213812,-0.24039133,0.14500912,0.13390554,0.053127185,0.20220476,0.17881776,0.12508515,0.22730866,0.08148141
https://example.org/bda/health-risk/aggregate-measurement/cardiovascular-disease/age-8/gender-male/systolic-blood-pressure,-0.18108217,0.0999758,0.09536979,0.14851373,0.12935494,-0.12084505,-0.049268074,0.07367117,-0.342055,-0.2555073,0.15527877,0.17118387,0.13023095,-0.30526534,0.17905474,0.17608707,0.016954048,-0.17157172,-0.10456582,-0.1755372,-0.0043960707,0.0984743,0.35426825,-0.22607987,0.14987583,0.12678523,-0.16119817,0.22674707,0.12150208,0.115792416,0.17580587,-0.2124505
https://example.org/bda/health-risk/aggregate-measurement/cardiovascular-disease/age-9/gender-female/age-years,-0.058182355,-0.09589319,0.10298768,-0.13935976,-0.059864942,-0.31686574,-0.2649745,0.10721369,-0.13983324,-0.1092606,0.1621003,0.17662305,0.13039024,0.26400506,0.15039782,0.0491112,0.1959959,0.15255173,0.1849054,-0.23809871,-0.23931341,-0.09736231,0.32391265,0.19577157,-0.115210526,0.12416369,-0.019214433,0.24705592,0.2838654,0.15932874,0.11053585,-0.012637285
https://example.org/bda/health-risk/aggregate-measurement/cardiovascular-disease/age-9/gender-female/body-mass-index,0.33469096,-0.04638178,0.06558478,-0.14141524,-0.023171715,-0.10670853,0.28919658,0.02054353,0.025146578,0.21142952,0.14669834,0.17683457,0.07485213,-0.32084313,0.1651328,0.120576285,0.19484362,0.13683787,0.16231374,-0.26905945,-0.13974346,-0.071750835,0.2840647,0.15742509,-0.07202541,0.095260575,-0.063804366,0.33291036,0.25934723,0.15433314,0.03332539,-0.10070948
https://example.org/bda/health-risk/aggregate-measurement/cardiovascular-disease/age-9/gender-female/diastolic-blood-pressure,-0.08222754,-0.17367257,0.0056743086,-0.20615447,-0.09755318,-0.31236076,-0.19262092,0.1002366,-0.033244964,0.15418676,0.13414076,0.1947305,0.21048085,-0.12133697,0.16561407,0.15894847,0.134794,0.199407,0.26501957,-0.14375964,-0.09246276,-0.18591747,0.284168,0.21948415,-0.15054736,0.10102163,0.10033083,0.2533915,0.3335737,0.10925351,0.112859204,0.099176794
https://example.org/bda/health-risk/aggregate-measurement/cardiovascular-disease/age-9/gender-female/glucose-risk,-0.21350953,-0.10947835,0.07085736,0.008406619,0.0046349256,-0.2209725,-0.339392,-0.04578623,-0.020120572,-0.22468305,0.18278857,0.21480554,0.20103426,-0.09944037,0.2694752,0.04873763,0.123747125,0.06117974,0.2098668,-0.06751608,-0.16113691,-0.07037126,0.33901006,0.16320936,-0.12334571,0.09474217,0.006242927,0.3328888,0.3030604,0.09352818,0.08409657,0.18060045
https://example.org/bda/health-risk/aggregate-measurement/cardiovascular-disease/age-9/gender-female/heavy-alcohol,-0.30857453,-0.10653522,0.066352025,-0.14923373,-0.07334483,-0.3350503,-0.23467772,0.15547556,-0.082160465,0.12244204,0.092505805,0.2267308,0.053659134,-0.33612588,0.103033386,0.070863016,0.10952372,0.21585174,0.11703978,-0.22460629,-0.072177544,-0.1503574,0.2652727,0.18313046,-0.10146906,0.14544398,-0.013558908,0.17074546,0.15242043,0.16539308,0.2100865,0.21610713
https://example.org/bda/health-risk/aggregate-measurement/cardiovascular-disease/age-9/gender-female/high-blood-pressure,0.11958426,-0.15910023,0.09492768,-0.21811374,-0.10385339,-0.2884707,-0.04304318,0.12061129,-0.10824285,0.19856167,0.15801305,0.18967874,0.13704804,0.14144406,0.250838,0.13704619,0.21945162,0.18529895,0.20057479,-0.22195265,-0.1881115,-0.13099018,0.37575385,0.16509946,-0.11093366,0.09207854,0.0111987395,0.16799651,0.24027874,0.17521298,0.14756028,0.09219688
https://example.org/bda/health-risk/aggregate-measurement/cardiovascular-disease/age-9/gender-female/high-cholesterol,0.17283127,-0.09073036,0.06316653,-0.13767026,-0.051795274,-0.3501746,-0.1590955,0.1768976,-0.122820646,0.1484249,0.24172416,0.18186416,0.15520422,-0.13662209,0.21906538,0.14210539,0.105290934,0.14586985,0.21125819,-0.1824195,-0.089497976,-0.101074785,0.31604046,0.15311958,-0.14492737,0.06793684,-0.06897909,0.3316718,0.11348793,0.21947674,0.24287365,0.07240541
https://example.org/bda/health-risk/aggregate-measurement/cardiovascular-disease/age-9/gender-female/physical-activity,-0.40037867,-0.115547895,0.038038146,-0.18613738,-0.0879448,-0.2400715,-0.22853965,0.14770651,-0.08770733,0.15709688,0.1129658,0.09987764,0.16963723,0.15118368,0.13197795,0.16552167,0.18121788,0.2271879,0.14174676,-0.13138846,-0.18649743,-0.09616247,0.29649854,0.17962483,-0.06704551,0.09969485,0.025013685,0.3062423,0.2547834,0.14845203,0.13188931,-0.008479047
https://example.org/bda/health-risk/aggregate-measurement/cardiovascular-disease/age-9/gender-female/smoking,-0.23718552,-0.15539382,0.086714715,-0.15196924,-0.06223981,-0.21114619,0.19440778,0.0704141,0.27269274,0.16351691,0.1699707,0.19438788,0.20104979,0.12752058,0.21549532,0.10172197,0.24935555,0.18084405,0.17413703,-0.13680638,-0.14980572,-0.13669363,0.36682585,0.08550052,-0.08975102,0.079236776,-0.06436976,0.29766545,0.22606792,0.15158044,0.0889899,-0.022880292
https://example.org/bda/health-risk/aggregate-measurement/cardiovascular-disease/age-9/gender-female/systolic-blood-pressure,-0.14906634,-0.179958,0.115284726,-0.033388134,-0.09061437,-0.2548257,-0.28724167,0.06307661,0.28165293,-0.1627784,0.114112526,0.13268682,0.09617477,-0.13219257,0.18782005,0.07549091,0.17660916,0.17362857,0.17502013,-0.12700275,-0.06552719,-0.06645352,0.37339714,0.18362217,-0.1620931,0.16480598,0.011169416,0.30986565,0.2936462,0.070599064,0.18920644,-0.025752634
https://example.org/bda/health-risk/aggregate-measurement/cardiovascular-disease/age-9/gender-male/age-years,-0.001758602,0.13139789,-0.09500788,0.19887565,0.06042727,-0.24002002,-0.30484292,0.19876128,-0.29949358,-0.027166102,0.04885838,-0.22459626,0.09060503,0.15966839,0.16647801,-0.19345978,0.1382474,-0.19482039,0.25801912,0.14954324,-0.17578082,0.08777246,0.30469564,-0.06655736,-0.10079868,0.1577077,0.03746573,0.1854862,0.15915403,0.27229723,-0.21464293,0.009076464
https://example.org/bda/health-risk/aggregate-measurement/cardiovascular-disease/age-9/gender-male/body-mass-index,0.12182779,0.15353628,-0.041359756,0.22345325,0.099842876,-0.1709191,0.09768706,0.15646537,-0.14877789,0.105587676,0.21268716,-0.2512999,0.1827684,-0.123822175,0.20076345,-0.14527664,0.18684618,-0.1892987,0.2368403,0.12453233,-0.18112494,0.15351965,0.32375777,-0.12877399,-0.10456358,0.17870177,-0.059332512,0.29369503,0.29335457,0.19284266,-0.07888418,0.05178413
https://example.org/bda/health-risk/aggregate-measurement/cardiovascular-disease/age-9/gender-male/diastolic-blood-pressure,-0.17301707,0.13339728,-0.09741761,0.13111128,0.07704719,-0.073215745,-0.2606428,0.08095379,-0.08150093,0.0021415257,0.20376264,-0.19462194,0.12940064,0.053172015,0.22785352,-0.107404724,0.23042712,-0.18987496,0.27885908,0.19268551,-0.13848244,0.092506886,0.4125874,-0.1072454,-0.0796039,0.090258315,0.044116154,0.33992392,0.24669054,0.12690856,-0.16449097,0.14572209
https://example.org/bda/health-risk/aggregate-measurement/cardiovascular-disease/age-9/gender-male/glucose-risk,-0.19728893,0.15447243,-0.085237496,0.24559282,0.09685891,-0.24884775,-0.17015553,0.15374419,-0.35926643,-0.07683165,0.12867603,-0.19342749,0.1712404,-0.15912473,0.09878387,-0.15571111,0.101335615,-0.25676867,0.20476273,0.14848225,-0.15660289,0.13013797,0.23112462,-0.1931655,-0.08011222,0.14936693,-0.03015797,0.12320347,0.26082897,0.23747012,-0.030672789,0.15998226
https://example.org/bda/health-risk/aggregate-measurement/cardiovascular-disease/age-9/gender-male/heavy-alcohol,-0.29784548,0.10097233,-0.045468505,0.15400667,0.082846895,-0.15418321,-0.1769718,0.17662491,-0.23065098,0.23025613,0.16878127,-0.17609715,0.121138796,-0.15270172,0.1953103,-0.1337121,0.22487584,-0.101028286,0.16702476,0.19346343,-0.20085011,0.06924035,0.3150065,-0.15744023,-0.0643007,0.10854925,-0.08794939,0.3285256,0.072191745,0.23848253,-0.1642706,0.08073645
https://example.org/bda/health-risk/aggregate-measurement/cardiovascular-disease/age-9/gender-male/high-blood-pressure,0.22382341,0.1594106,-0.0925804,0.13487703,0.028100474,-0.22444959,0.28441972,0.08448259,-0.001164775,-0.12780869,0.17267415,-0.27040496,0.18687907,0.14415538,0.24851902,-0.18559927,0.1470876,-0.26789418,0.22687624,0.25291947,-0.02386831,0.13949308,0.27595267,-0.0762571,-0.12238275,0.10761774,-0.01773123,0.19830619,0.27008402,0.16738549,-0.09149167,-0.031230353
https://example.org/bda/health-risk/aggregate-measurement/cardiovascular-disease/age-9/gender-male/high-cholesterol,0.168368,0.14720368,-0.086673334,0.20341656,0.09317532,-0.2429292,-0.27241746,0.16685365,-0.17570066,0.12690331,0.122539654,-0.26367334,0.13784944,-0.25221044,0.086305834,-0.1248727,0.1461447,-0.16336466,0.24864067,0.21074867,-0.1514272,0.095375456,0.26001024,-0.18557231,-0.11695791,0.17876074,-0.06818477,0.23830824,0.07341519,0.23504037,-0.029104384,0.19304876
https://example.org/bda/health-risk/aggregate-measurement/cardiovascular-disease/age-9/gender-male/physical-activity,-0.112080626,0.16755344,-0.07663292,0.17929085,0.11692764,-0.25101584,-0.06106398,0.19254388,-0.28874943,0.08545889,0.04541724,-0.28129366,0.07946419,-0.065473236,-0.024931185,-0.14932209,0.16000062,-0.25891,0.2786852,0.18328695,-0.16396303,0.1744731,0.26863447,-0.23858576,-0.10038558,0.19764718,0.05281787,0.1761533,0.17088497,0.2677079,-0.011732829,0.15556337
https://example.org/bda/health-risk/aggregate-measurement/cardiovascular-disease/age-9/gender-male/smoking,-0.3129852,0.10284953,-0.06314915,0.12820968,0.03011693,-0.23743966,0.19014037,0.20887059,-0.14239296,0.14034659,0.12734297,-0.2802152,0.030702222,0.16000369,0.1462406,-0.25040802,0.08563577,-0.360378,0.08074128,0.17786653,-0.04693263,0.09790255,0.3264898,-0.11786174,-0.033313174,0.13842763,-0.13644627,0.25778025,0.1316136,0.20743455,0.06911997,-0.10258057
https://example.org/bda/health-risk/aggregate-measurement/cardiovascular-disease/age-9/gender-male/systolic-blood-pressure,-0.21944016,0.15399271,-0.070016496,0.12896726,0.026568148,-0.26074207,-0.19235194,0.22521988,-0.0048321495,-0.12261038,0.07965373,-0.21082386,0.14443706,-0.08612247,0.07715516,-0.2178679,0.14718641,-0.25049177,0.22804259,0.08267657,-0.013142423,0.15382586,0.3840282,-0.09388271,-0.08012408,0.18131311,0.06613217,0.22536781,0.31974298,0.27342325,-0.088133514,0.0061637536
https://example.org/bda/health-risk/aggregate-measurement/heart-disease-cleveland/age-10/gender-female/age-years,0.08138659,-0.11496735,0.015801674,0.13958876,-0.039365277,-0.35482338,-0.21827419,0.14759439,-0.20321664,-0.20264278,0.15730408,0.17832832,0.16138119,0.19204007,0.074112184,-0.1111897,0.008846089,0.24869086,-0.1360886,0.22773702,0.015831137,-0.15897384,0.31898543,0.18866429,0.1016751,-0.13533974,-0.16156717,0.23754683,0.12756407,-0.2883537,0.14482403,-0.13077052
https://example.org/bda/health-risk/aggregate-measurement/heart-disease-cleveland/age-10/gender-female/exercise-induced-angina,0.118410945,-0.10345531,0.045951556,0.15110074,-0.050939552,-0.2857241,0.21773584,0.08260716,-0.08346189,0.012210971,0.17761691,0.09715992,0.25888544,-0.08845704,0.1131289,-0.10074922,-0.13353787,0.20185415,-0.20664284,0.14916193,0.19303657,-0.12923934,0.33878002,0.15404022,0.0910449,-0.123389296,-0.2816141,0.28778726,0.2297783,-0.19839133,0.09998565,-0.24935633
https://example.org/bda/health-risk/aggregate-measurement/heart-disease-cleveland/age-10/gender-female/glucose-risk,-0.2890755,-0.10405892,0.026270632,0.062241856,-0.023934253,-0.2693134,-0.117607445,0.09667455,0.03756192,-0.14665073,0.20642531,0.21067291,0.26179007,-0.2651355,0.24433649,-0.14020331,-0.13231108,0.08377577,-0.14892648,0.18108115,-0.019758321,-0.12868455,0.2656474,0.24027392,0.11072136,-0.0935328,-0.2666777,0.2787145,0.21320696,-0.13589434,0.1336417,0.018098783
https://example.org/bda/health-risk/aggregate-measurement/heart-disease-cleveland/age-10/gender-female/high-blood-pressure,0.24283221,-0.067596965,-0.008198419,0.13721775,-0.026665973,-0.22287193,0.3016921,0.06627821,-0.22496715,-0.1679252,0.1331139,0.21796225,0.18551351,0.1710757,0.091126375,-0.11850258,-0.04399604,0.18106571,-0.19283009,0.18350115,0.17100517,-0.15288547,0.29014948,0.17536692,0.12627529,-0.10990324,-0.3041557,0.24192807,0.021510389,-0.22071704,0.079873696,-0.1842612
https://example.org/bda/health-risk/aggregate-measurement/heart-disease-cleveland/age-10/gender-female/high-cholesterol,0.2671096,-0.15157993,-0.034325298,0.09738337,0.017252991,-0.21175274,-0.1519329,0.14337182,-0.14572115,0.008137336,0.17265363,0.3844187,0.058736835,-0.11237453,0.108143345,-0.15695737,0.086150765,0.13857935,-0.12645388,0.16315399,-0.0759289,-0.24783987,0.21632652,0.3799392,0.14233476,-0.10799601,-0.2564354,0.23786,-0.21700242,-0.15713686,-0.0012276383,0.03636825
https://example.org/bda/health-risk/aggregate-measurement/heart-disease-cleveland/age-10/gender-female/maximum-heart-rate,0.06830247,-0.12236452,-0.0057737594,0.19197315,-0.08208421,-0.17533529,0.10318665,0.062311023,-0.12660407,-0.19684055,0.16772167,0.19525228,0.22794221,0.17148282,0.13224772,-0.07676466,-0.095886864,0.15489867,-0.09201287,0.2570248,0.12588288,-0.15983799,0.3735645,0.2628063,0.07537592,-0.10733918,-0.23679535,0.31260008,0.1660956,-0.20728528,0.07770329,-0.24571137
https://example.org/bda/health-risk/aggregate-measurement/heart-disease-cleveland/age-10/gender-female/systolic-blood-pressure,-0.14203861,-0.1058453,0.00222428,0.1480133,-0.0819435,-0.21523866,-0.1684386,0.10960451,-0.06936949,-0.15660335,0.16326958,0.22276054,0.20375091,-0.16890198,0.12017131,-0.09894371,-0.07658993,0.2546128,-0.1538893,0.27237985,0.08556696,-0.17022227,0.29723024,0.21563359,0.11024468,-0.09660301,-0.17657617,0.23914935,0.14574435,-0.34094492,0.16576122,-0.19714442
https://example.org/bda/health-risk/aggregate-measurement/heart-disease-cleveland/age-10/gender-male/age-years,0.041470144,0.08728544,-0.1707999,0.20830716,-0.060631458,-0.31847408,-0.06674263,0.18741919,-0.3557972,-0.1300703,0.045743875,0.1378535,0.18801165,0.21603213,-0.024459787,-0.05990033,-0.14647993,-0.17083833,-0.14628427,0.1351117,0.09447055,0.26932552,0.26368797,0.14205676,0.1785676,0.17216575,-0.21659598,0.09986563,0.1278,-0.19514127,0.23540086,-0.18136801
https://example.org/bda/health-risk/aggregate-measurement/heart-disease-cleveland/age-10/gender-male/exercise-induced-angina,0.17997496,0.14114359,-0.16555488,0.15797023,-0.04764872,0.07687324,0.14722526,0.13977028,-0.13706756,-0.03814516,0.13780983,0.18468902,0.17046909,-0.09130119,0.115482874,-0.17620397,-0.13582136,-0.2914764,0.02986252,0.14290461,0.13142471,0.090208955,0.4223271,0.19884963,0.1348201,0.19808014,-0.19247392,0.23921444,0.12820286,-0.3039445,0.2465715,-0.038485743
https://example.org/bda/health-risk/aggregate-measurement/heart-disease-cleveland/age-10/gender-male/glucose-risk,-0.28295645,0.072681,-0.15072237,0.088799894,-0.10046794,-0.083929375,-0.08595941,0.10152032,-0.18133284,-0.10752287,0.18635084,0.07336753,0.21370193,-0.24422431,0.19913079,-0.06963102,-0.054601315,-0.19166549,-0.08023357,0.21810707,0.020737857,0.08681424,0.37034702,0.24050279,0.06192196,0.09432284,-0.3081853,0.2823728,0.17605357,-0.21591023,0.21190597,-0.090548806
https://example.org/bda/health-risk/aggregate-measurement/heart-disease-cleveland/age-10/gender-male/high-blood-pressure,0.010568651,0.048831463,-0.12524028,0.19344155,-0.08291797,-0.35675713,-0.06473551,0.18265021,-0.06258938,-0.052915413,0.11826303,0.012059346,0.22034419,-0.04514318,0.12511566,-0.06693536,-0.08183537,-0.24924634,-0.041456927,0.21553382,0.065825775,0.0517195,0.40126052,0.20809539,0.07364995,0.062357012,-0.23495056,0.40721402,0.12046945,-0.16573395,0.22388387,-0.17425606
https://example.org/bda/health-risk/aggregate-measurement/heart-disease-cleveland/age-10/gender-male/high-cholesterol,0.26089242,0.032533973,-0.078822464,0.16864793,-0.023277512,0.0045838878,-0.14941856,0.19739538,0.14934392,0.1860054,0.16090278,0.21617201,0.24736533,-0.1756715,0.21532774,-0.06634541,-0.16927287,-0.035145286,-0.09528443,0.16042696,0.1668749,0.057057768,0.3477586,0.13324222,0.03777615,0.10308611,-0.31233108,0.3089908,0.0027004564,-0.22303914,0.26818934,0.027794037
https://example.org/bda/health-risk/aggregate-measurement/heart-disease-cleveland/age-10/gender-male/maximum-heart-rate,0.14243199,0.15331589,-0.18164015,0.3121837,-0.108345404,-0.13199088,0.24198058,0.16097376,-0.07023961,-0.21652366,0.13248575,0.12635794,0.12102006,0.19901353,-0.004279512,-0.11352755,-0.05622318,-0.21268341,0.05665644,0.2090086,0.1118509,0.13786586,0.33923247,0.17466481,0.07287813,0.14268912,-0.1612758,0.2582721,0.1407863,-0.29874858,0.15791185,-0.1866728
https://example.org/bda/health-risk/aggregate-measurement/heart-disease-cleveland/age-10/gender-male/systolic-blood-pressure,-0.2070415,0.1494459,-0.19530733,0.26236168,-0.14134972,-0.074199475,0.04652471,0.08636344,0.057299133,0.037899483,0.070542715,0.10658899,0.38995886,-6.419761e-06,-0.010421962,-0.12417219,-0.15695092,-0.1595307,-0.09229414,0.25978222,0.14897043,0.23196153,0.26333156,0.14019382,0.07962277,0.16158429,-0.27790737,0.23179938,0.25914794,-0.24280229,0.1521904,0.017036285
https://example.org/bda/health-risk/aggregate-measurement/heart-disease-cleveland/age-11/gender-female/age-years,0.20358123,-0.19062,-0.13721515,0.19124806,0.18402816,0.22884917,-0.19846223,0.13146718,-0.035377577,-0.11299868,0.11824081,-0.18750589,-0.09506278,0.25098902,0.013864494,0.1268517,0.05167036,0.2668165,-0.008622929,-0.21261173,-0.22448121,-0.15267462,0.29662308,-0.24977657,-0.117729045,0.20585336,-0.08044601,0.1945842,0.008534832,0.196356,-0.26047415,-0.14889775
https://example.org/bda/health-risk/aggregate-measurement/heart-disease-cleveland/age-11/gender-female/exercise-induced-angina,0.06851778,-0.15881598,-0.026633002,0.124465615,0.14519013,0.30621335,0.24440065,0.092869356,0.022702148,0.06524562,0.15246494,-0.25523508,0.120489314,-0.34336245,-0.14906816,0.21929297,-0.18566777,0.19259128,-0.17179105,-0.05702531,0.078890905,0.0129773645,0.30543742,-0.18938874,-0.12917775,0.19488952,-0.14871468,0.23593347,0.2460071,0.13367116,-0.020886153,-0.15374053
https://example.org/bda/health-risk/aggregate-measurement/heart-disease-cleveland/age-11/gender-female/glucose-risk,-0.107386194,-0.14365663,-0.15000376,0.1593896,0.1515899,0.10248087,-0.12346852,0.15444215,0.17348757,-0.0816992,0.12860522,-0.09894408,0.26550987,-0.13507527,0.0726097,0.14432947,-0.172284,0.2818587,-0.22271562,-0.046467587,0.07248226,-0.11875314,0.257842,-0.30384746,-0.084359154,0.1752413,-0.24624188,0.2388505,0.23466627,0.087053895,-0.33455947,0.016234126
https://example.org/bda/health-risk/aggregate-measurement/heart-disease-cleveland/age-11/gender-female/high-blood-pressure,0.15076393,-0.12208422,-0.11862747,0.09299316,0.11852494,0.22113477,0.176014,0.07371019,0.16154836,-0.08641823,0.17072813,-0.17762707,0.20147088,0.2404108,0.20262283,0.14569989,-0.06665599,0.13394429,-0.12992923,-0.19148949,0.074072264,-0.09830171,0.37130395,-0.22251873,-0.06112611,0.12105685,-0.2627254,0.31972384,0.17754842,0.13620718,-0.23270792,-0.11406932
https://example.org/bda/health-risk/aggregate-measurement/heart-disease-cleveland/age-11/gender-female/high-cholesterol,0.29484838,-0.16794004,-0.118583634,0.094112225,0.12800248,0.13326514,-0.20259593,0.08376857,0.15795025,0.09720259,0.19390306,-0.11787048,0.13716786,-0.22746286,0.16301757,0.21956909,-0.11961023,0.22701962,-0.22281893,-0.100817025,0.18864535,-0.13609132,0.26235825,-0.17961027,-0.108346805,0.17086352,-0.2748618,0.2869138,0.0349378,0.06587064,-0.24479538,-0.057998978
https://example.org/bda/health-risk/aggregate-measurement/heart-disease-cleveland/age-11/gender-female/maximum-heart-rate,0.18201867,-0.14490105,-0.11366864,0.050085485,0.09689365,0.22576362,0.1784191,0.10372884,0.36422342,-0.16342388,0.13510054,-0.2546542,0.058482677,0.32672378,0.1231691,0.21457268,-0.082731016,0.16972351,-0.067163505,-0.13501222,0.09510189,-0.07616682,0.29475445,-0.17458566,-0.092507295,0.11496514,-0.1832447,0.2432549,0.16505517,0.181695,-0.20129804,-0.0880134
https://example.org/bda/health-risk/aggregate-measurement/heart-disease-cleveland/age-11/gender-female/systolic-blood-pressure,-0.17808898,-0.18137503,-0.11291344,0.28719863,0.13343333,0.1773787,-0.0857005,0.12679794,-0.005775124,-0.2522356,0.059107378,-0.16120644,0.18601283,-0.18499486,0.07196375,0.16708724,-0.15029705,0.2384586,-0.18175712,-0.09376568,0.15051971,-0.1279236,0.31059188,-0.16883193,-0.09829521,0.19897701,-0.17182942,0.19280398,0.2055741,0.17310566,-0.27775928,-0.14766943
https://example.org/bda/health-risk/aggregate-measurement/heart-disease-cleveland/age-11/gender-male/age-years,0.24098802,-0.16741204,-0.10639209,-0.16464177,-0.061973833,0.16917191,-0.035338227,0.17306493,-0.25906837,-0.15759408,0.11726067,-0.25646365,0.13432662,0.17972028,-0.011626507,-0.18921465,-0.18488246,-0.20772853,-0.23089875,0.2526988,0.16616158,-0.1710193,0.24043693,0.20608212,-0.07756686,-0.07851002,-0.2392851,0.18473448,0.14838144,0.14014547,-0.18190171,-0.15525477
https://example.org/bda/health-risk/aggregate-measurement/heart-disease-cleveland/age-11/gender-male/exercise-induced-angina,0.06689447,-0.09982473,-0.11612613,-0.19710441,-0.06136532,0.23478445,0.26792303,0.1500889,0.19651738,0.008980722,0.1696496,-0.15399063,0.13774604,-0.12812364,0.051933408,-0.08985744,-0.14188036,-0.1668052,-0.13589597,0.28057182,0.13811609,-0.20568399,0.3152254,0.13163793,-0.06828177,-0.05081636,-0.23727696,0.2912733,0.21261995,0.17815611,-0.21153441,-0.22219849
https://example.org/bda/health-risk/aggregate-measurement/heart-disease-cleveland/age-11/gender-male/glucose-risk,-0.26898313,-0.024237499,-0.14955764,-0.07099412,-0.04843001,-0.11840669,-0.021785116,0.22446099,0.13130616,-0.040428255,0.0778842,-0.24570467,0.14426081,-0.092969246,-0.01209456,-0.06668515,-0.20790389,-0.2543397,-0.25369427,0.27693737,0.12905839,-0.32496217,0.30894554,0.17907986,-0.111224554,-0.116660565,-0.18363924,0.17371579,0.12541887,0.28107113,-0.1529827,-0.07945467
https://example.org/bda/health-risk/aggregate-measurement/heart-disease-cleveland/age-11/gender-male/high-blood-pressure,0.29479712,-0.11575325,-0.11523072,-0.14414804,-0.0815063,0.048472937,0.1325123,0.19356865,0.015135896,-0.2513173,0.14415893,-0.33502966,0.059488073,0.0816106,0.15693405,-0.08667885,-0.14148565,-0.17937352,-0.18875064,0.11437908,0.12642932,-0.17298359,0.24862401,0.21288167,-0.09307041,-0.23831527,-0.2180082,0.24133381,0.08953627,0.18698129,-0.26428354,-0.15769576
https://example.org/bda/health-risk/aggregate-measurement/heart-disease-cleveland/age-11/gender-male/high-cholesterol,-0.020506475,-0.0721018,-0.13096458,-0.15898924,-0.058031883,0.21708617,-0.14098592,0.17281795,0.15570068,-0.17761111,0.13080671,-0.09364274,0.27014473,0.05399792,0.07779617,-0.17416424,-0.1595691,-0.23994423,-0.22767349,0.1847574,0.19628066,-0.27165672,0.28868,0.1665088,-0.1021785,-0.11972226,-0.24897988,0.21686365,0.26407275,0.11240408,-0.1610436,-0.15256949
https://example.org/bda/health-risk/aggregate-measurement/heart-disease-cleveland/age-11/gender-male/maximum-heart-rate,0.03936761,-0.08303693,-0.13308896,-0.15790121,-0.09770556,0.04159523,0.10196923,0.16007286,-0.063417256,-0.24408329,0.16664447,-0.07657905,0.27791423,0.22648494,0.038102046,-0.05821412,-0.20856565,-0.16080682,-0.2256969,0.2831574,0.23954009,-0.20347962,0.30025426,0.18630216,0.0018819041,-0.14588958,-0.23445544,0.19754939,0.23536745,0.14593942,-0.07920575,-0.22053164
https://example.org/bda/health-risk/aggregate-measurement/heart-disease-cleveland/age-11/gender-male/systolic-blood-pressure,-0.27095586,-0.081542835,-0.06355048,-0.12871647,-0.06695476,0.23469575,-0.23169623,0.21039732,-0.07243475,-0.25923204,0.091025464,-0.10367595,0.17956035,-0.22109257,0.07765589,-0.07759305,-0.13593678,-0.18585925,-0.14925398,0.19752294,0.13872921,-0.18785267,0.31949607,0.17406619,-0.09171227,-0.11064249,-0.13683145,0.2440779,0.22713552,0.156817,-0.21367604,-0.1874551
https://example.org/bda/health-risk/aggregate-measurement/heart-disease-cleveland/age-12/gender-female/age-years,0.044167124,0.079989865,-0.117056586,0.12387351,-0.08124223,0.045927834,-0.22802423,-0.08488642,0.13207123,-0.12400526,0.21702512,0.2592788,0.1440714,0.2810639,0.2227739,-0.14009027,-0.07324041,-0.015441301,-0.20968328,0.27150008,0.07028253,-0.12663051,0.38955292,0.13152154,-0.039809573,-0.10518079,-0.2295337,0.22373539,0.15049946,0.21797033,-0.20726967,-0.1916293
https://example.org/bda/health-risk/aggregate-measurement/heart-disease-cleveland/age-12/gender-female/exercise-induced-angina,0.12917757,0.1925313,-0.19035287,0.18788664,-0.08856282,0.097739965,0.14622708,-0.07701021,0.06638191,0.030943323,0.15216954,0.15813957,0.091231756,-0.25564435,0.28462908,-0.06628441,-0.12348311,0.21164668,-0.10161533,0.28878728,0.080013484,-0.08274862,0.40962857,0.17188439,-0.012599947,-0.15787303,-0.28425387,0.15748402,0.19976774,0.098985866,-0.22929388,-0.14165725
https://example.org/bda/health-risk/aggregate-measurement/heart-disease-cleveland/age-12/gender-female/glucose-risk,-0.3295117,0.100172356,-0.14794764,0.17307918,-0.110106505,0.051395774,-0.16103281,-0.117143385,0.050821252,-0.15124018,0.18471818,0.20953856,0.10745273,-0.17531686,0.16897215,-0.10756331,-0.12688978,0.04716612,-0.21683207,0.28718126,0.091838196,-0.20819063,0.327849,0.23070642,-0.06820509,-0.1764944,-0.24045417,0.14332782,0.16524766,0.19557182,-0.20448066,-0.08603941
https://example.org/bda/health-risk/aggregate-measurement/heart-disease-cleveland/age-12/gender-female/high-blood-pressure,0.074904606,0.19054973,-0.11333736,0.1833869,-0.07230393,0.17301737,0.31763765,-0.13232867,0.043154135,-0.13940066,0.12252662,0.31147853,0.15811658,0.14830984,0.21653335,-0.09580833,-0.02686844,-0.008614015,-0.0819072,0.25118205,0.09107724,-0.087128505,0.3699081,0.16940913,-0.04582718,-0.113649756,-0.26079977,0.22478867,0.17227991,0.21329424,-0.1847071,-0.16363934
https://example.org/bda/health-risk/aggregate-measurement/heart-disease-cleveland/age-12/gender-female/high-cholesterol,0.18578444,0.23163599,-0.12757711,0.16382995,-0.0740994,0.012368963,-0.11184813,-0.053847514,-0.0828281,0.09365838,0.19441111,0.15287264,0.19980231,-0.21386775,0.22594655,-0.14255695,-0.062555335,-0.1117986,-0.15322001,0.33116347,0.0871514,-0.09603618,0.30368125,0.17685653,-0.04304097,-0.24119109,-0.25662032,0.33789444,0.12393689,0.2019968,-0.16077216,0.043440666
https://example.org/bda/health-risk/aggregate-measurement/heart-disease-cleveland/age-12/gender-female/maximum-heart-rate,0.15872397,0.13728665,-0.1699051,0.14660151,-0.12447634,0.103995696,0.18555734,-0.12327075,0.055934053,-0.1758709,0.1753966,0.2666645,0.22574337,0.18480131,0.08707665,-0.12039609,-0.2066416,-0.018573847,-0.15500937,0.18771762,0.23198768,-0.17031035,0.326844,0.18010557,-0.06511155,-0.17550483,-0.19936876,0.17557134,0.2479419,0.15345243,-0.22373062,-0.14644833
https://example.org/bda/health-risk/aggregate-measurement/heart-disease-cleveland/age-12/gender-female/systolic-blood-pressure,-0.2946476,0.17169857,-0.127691,0.19327782,-0.10801728,0.08173487,-0.18416524,-0.17283325,0.037216138,-0.22018076,0.1943266,0.27106956,0.1391641,-0.04986709,0.17260982,-0.034973625,-0.048451114,0.08881376,-0.17206827,0.20536533,0.029525349,-0.13273165,0.37197474,0.21535797,-0.105403334,-0.14174072,-0.18815048,0.16807042,0.18842785,0.20916189,-0.17612416,-0.20869666
https://example.org/bda/health-risk/aggregate-measurement/heart-disease-cleveland/age-12/gender-male/age-years,0.28901955,-0.13812168,-0.14983225,-0.12445168,0.09201408,-0.28208494,-0.24929951,-0.20739877,0.020792084,-0.23557475,0.13669592,-0.22867881,-0.11132167,0.22049811,0.0956387,-0.15572223,-0.030675853,-0.18023019,-0.09253408,-0.09447702,-0.056997947,0.10552016,0.28163323,-0.24318911,-0.08636155,0.14016363,-0.12079643,0.2728356,0.10239136,-0.24440901,0.18161358,-0.14778775
https://example.org/bda/health-risk/aggregate-measurement/heart-disease-cleveland/age-12/gender-male/exercise-induced-angina,-0.016367542,-0.18079546,-0.17867962,-0.16815166,0.121351324,-0.21914211,0.27887595,-0.11244846,-0.012206974,0.14273424,0.12633747,-0.24019119,-0.19524935,-0.15072994,0.14293988,-0.18783349,-0.09764231,-0.18966216,-0.0209429,-0.054655764,-0.098663494,0.105317086,0.40213072,-0.1841602,-0.12689659,0.037443522,-0.26016873,0.22243935,0.10460703,-0.24334654,0.1475815,-0.22572893
https://example.org/bda/health-risk/aggregate-measurement/heart-disease-cleveland/age-12/gender-male/glucose-risk,-0.13930923,-0.15974508,-0.14399081,-0.17723423,0.062385175,-0.2920864,-0.14066125,-0.14287636,0.2709657,-0.101126246,0.20249996,-0.20710388,-0.15545717,-0.15120351,0.17560719,-0.14497222,-0.02650842,-0.22527394,-0.1811019,-0.20157039,-0.14835618,0.12009716,0.24303716,-0.17150997,-0.07755296,0.045696612,-0.20469345,0.29871148,0.15531662,-0.28189373,0.11718202,-0.027339414
https://example.org/bda/health-risk/aggregate-measurement/heart-disease-cleveland/age-12/gender-male/high-blood-pressure,0.18978386,-0.13983364,-0.10033919,-0.15222579,0.08245412,-0.23538327,0.1254488,-0.16653325,0.046077102,-0.16582866,0.1294515,-0.19368242,0.1542582,0.18815276,0.15923531,-0.12272792,-0.12626216,-0.14296106,-0.22362067,-0.15039851,0.15520558,0.12838206,0.35084513,-0.1035765,-0.12071645,0.12565771,-0.2621124,0.30232882,0.2176364,-0.25713885,0.08766587,-0.16422279
https://example.org/bda/health-risk/aggregate-measurement/heart-disease-cleveland/age-12/gender-male/high-cholesterol,0.40261874,-0.12916394,-0.115558274,-0.1036877,0.055074822,-0.32951242,-0.14147231,-0.09453964,0.12560621,0.07495679,0.18196589,-0.1986052,0.16351512,-0.0682027,0.086970024,-0.15273553,-0.13808085,-0.13336796,-0.24770842,-0.21891055,0.108341046,0.10868348,0.2429469,-0.17228928,-0.10369436,0.0013678396,-0.29739904,0.23307034,0.073219016,-0.27294037,0.07270271,-0.057075884
https://example.org/bda/health-risk/aggregate-measurement/heart-disease-cleveland/age-12/gender-male/maximum-heart-rate,0.09320053,-0.13849646,-0.12758088,-0.119687624,0.12359847,-0.25005114,0.20566371,-0.23575774,0.3814041,-0.1820324,0.13413645,-0.14606221,0.054287504,0.18182729,0.13014834,-0.060063653,-0.109814785,-0.05123295,-0.29159647,-0.22991647,0.16054842,0.11683991,0.2266582,-0.26665977,-0.0684691,0.12059717,-0.1129782,0.16331711,0.08265449,-0.13819444,0.23421259,-0.19345959
https://example.org/bda/health-risk/aggregate-measurement/heart-disease-cleveland/age-12/gender-male/systolic-blood-pressure,-0.25172892,-0.15686344,-0.15255722,-0.15066715,0.11023041,-0.24128176,-0.13248904,-0.051058788,0.043555997,-0.15244478,0.13199104,-0.12985834,0.1767939,-0.15473843,0.16867253,-0.1408108,-0.114470325,-0.112754464,-0.17370029,-0.096330956,0.12453554,0.08792813,0.40274915,-0.17272888,-0.07563144,0.15629564,-0.15257624,0.3383494,0.2784255,-0.27794632,0.024157308,-0.09384378
https://example.org/bda/health-risk/aggregate-measurement/heart-disease-cleveland/age-2/gender-male/age-years,0.20062758,-0.04883516,-0.03286,-0.08806808,-0.20047377,-0.2511987,-0.20298053,0.052161105,0.25372377,-0.2221409,0.15225533,-0.11105957,0.12893341,0.19605432,0.12593047,0.123544976,-0.1409519,0.20356986,-0.13209921,0.17266934,0.14267237,0.23841943,0.3262064,-0.14274822,0.14410067,-0.14290534,-0.15165167,0.25351143,0.2158948,-0.21410067,0.1482647,-0.102220654
https://example.org/bda/health-risk/aggregate-measurement/heart-disease-cleveland/age-2/gender-male/exercise-induced-angina,0.33144194,-0.09499737,-0.15408179,-0.04796994,-0.14712614,-0.2844644,0.4119148,0.1662585,0.16723841,-0.013925863,0.1081906,-0.12879635,0.036607783,0.012334678,-0.06973745,0.10012877,-0.29631808,0.14967431,-0.054313704,0.1129282,0.19798455,0.21845175,0.27320483,-0.2141772,0.085912116,-0.042370606,-0.15542802,0.101536386,0.16824822,-0.20892385,0.16976346,-0.0678134
https://example.org/bda/health-risk/aggregate-measurement/heart-disease-cleveland/age-2/gender-male/glucose-risk,-0.17713818,-0.14656992,-0.11686028,0.09036263,-0.13371359,-0.29244962,-0.18001692,0.11387626,0.18825194,-0.1315276,0.14237553,-0.22561887,0.10822581,-0.2310885,0.20149605,0.08492266,-0.066880874,0.2707815,0.023479473,0.19877888,-0.0691297,0.1404522,0.24274452,-0.21178444,0.14763615,-0.1526134,-0.17545769,0.2685681,0.2586197,-0.2280863,0.1598933,0.03285203
https://example.org/bda/health-risk/aggregate-measurement/heart-disease-cleveland/age-2/gender-male/high-blood-pressure,0.18343033,-0.10110832,-0.12028952,0.051242094,-0.15163033,-0.2312672,0.21060157,0.2034694,0.09235671,-0.090079315,0.1219737,-0.14151978,0.112951405,0.27737916,0.1376655,0.19776335,0.042725388,0.2892968,-0.06382205,0.20202342,0.05922218,0.15537891,0.35368103,-0.14345768,0.09291996,-0.1411091,-0.19930962,0.2921065,0.17070217,-0.25481614,0.10341192,-0.12414195
https://example.org/bda/health-risk/aggregate-measurement/heart-disease-cleveland/age-2/gender-male/high-cholesterol,0.3247273,-0.1716983,-0.13084535,-0.13663912,-0.10084119,-0.08098949,-0.19664688,0.10794204,0.06828207,0.087452896,0.19575539,-0.2915365,0.093855254,-0.16533549,0.111693606,0.10866383,-0.17789668,0.05637733,-0.22989641,0.18189037,0.13866746,0.17774642,0.24180818,-0.2650073,0.08160373,-0.09116424,-0.22593522,0.3266322,0.06967714,-0.17815852,0.23473984,0.038614675
https://example.org/bda/health-risk/aggregate-measurement/heart-disease-cleveland/age-2/gender-male/maximum-heart-rate,0.13490018,-0.14259684,-0.056218542,0.06352249,-0.08471194,-0.21870834,0.118389614,0.15457389,0.049416546,-0.0660176,0.015724735,-0.11414421,0.045128178,0.285397,0.06401998,0.14076973,-0.08940767,0.33549178,0.08000178,0.041942514,0.017854692,0.1786682,0.3996337,-0.30735976,0.11541828,-0.08409586,-0.17953305,0.33494368,0.32614696,-0.2039306,0.06379805,-0.043657947
https://example.org/bda/health-risk/aggregate-measurement/heart-disease-cleveland/age-2/gender-male/systolic-blood-pressure,-0.36473975,-0.11909326,-0.12223881,0.006637597,-0.123054445,-0.25300235,-0.18892884,0.10987906,0.17875643,-0.22607851,0.122706376,-0.14710055,-0.13632663,-0.23746215,0.18892051,0.12695642,0.047658138,0.17428237,0.10757197,0.14013883,-0.064039625,0.13476737,0.30811325,-0.23886488,0.14050138,-0.059350524,-0.026132401,0.23747337,0.18131958,-0.22663654,0.1414269,-0.20406015
https://example.org/bda/health-risk/aggregate-measurement/heart-disease-cleveland/age-3/gender-female/age-years,-0.11953383,-0.13441944,0.09742886,-0.088820316,-0.12883493,0.16056389,-0.41056705,0.16407369,0.12683152,-0.10277736,0.15950482,-0.16817704,0.28428328,0.11424813,0.15754892,-0.0940923,-0.08411635,-0.12453727,-0.052286707,-0.13894624,0.077087045,-0.14499444,0.3506021,0.26790217,-0.09835904,-0.0567527,-0.2188887,0.18938014,0.23270805,-0.15714574,-0.117276415,-0.22117719
https://example.org/bda/health-risk/aggregate-measurement/heart-disease-cleveland/age-3/gender-female/exercise-induced-angina,0.0015188595,-0.121033825,0.11242585,-0.18691954,-0.054456808,0.26062533,0.14730546,0.16665357,0.11394791,0.04264337,0.16352612,-0.19189742,0.2038323,-0.26795566,0.18912944,-0.10649067,-0.08594652,-0.23753662,0.014956387,-0.21295102,0.18532616,-0.13391875,0.37353513,0.12556483,-0.10495396,0.058324136,-0.25206456,0.24250092,0.12343474,-0.2291511,-0.099299215,-0.21738526
https://example.org/bda/health-risk/aggregate-measurement/heart-disease-cleveland/age-3/gender-female/glucose-risk,0.07416803,-0.13955367,0.10754697,-0.16580428,-0.09624056,0.33420542,-0.10730647,0.11421299,-0.060851503,-0.13425283,0.13787055,-0.23982315,0.29837286,0.11630075,0.16932721,-0.08689415,-0.10104817,-0.14312157,0.059986442,-0.07163439,0.14739086,-0.13548888,0.44316825,0.14287363,-0.1263438,-0.07201378,-0.24347943,0.25278914,0.19068861,-0.12164772,-0.21413893,-0.12554333
https://example.org/bda/health-risk/aggregate-measurement/heart-disease-cleveland/age-3/gender-female/high-blood-pressure,0.1994641,-0.11502698,0.049275175,-0.14960909,-0.1516543,0.1838022,0.17135035,0.11224944,-0.12924272,-0.20084581,0.1332782,-0.11680992,0.30162194,0.21357337,0.08776951,-0.03256393,-0.15197085,-0.2999968,-0.027719637,-0.080349274,0.21303643,-0.13127002,0.30555555,0.10335758,-0.15145557,-0.076227754,-0.29020712,0.2062824,0.15195267,-0.19403763,-0.17135477,-0.23878732
https://example.org/bda/health-risk/aggregate-measurement/heart-disease-cleveland/age-3/gender-female/high-cholesterol,0.13789955,-0.10202818,0.049859382,-0.047325674,-0.0467596,0.23200078,-0.2599482,0.28262058,0.087569915,0.04242475,0.15564753,-0.21896385,0.20607993,-0.18085818,0.19680256,-0.13929616,-0.07830846,-0.14890899,0.03123252,-0.0071286093,0.16773847,-0.16258334,0.3289333,0.16302674,-0.09690783,-0.060791235,-0.3220519,0.21126984,-0.116549104,-0.25408044,-0.28673244,0.08345769
https://example.org/bda/health-risk/aggregate-measurement/heart-disease-cleveland/age-3/gender-female/maximum-heart-rate,0.13608252,-0.089205846,0.05770347,-0.13336273,-0.037284378,0.1660394,0.1149615,0.15850171,-0.20638765,-0.08751393,0.19029199,-0.24489988,0.23073402,0.17003538,0.25011656,-0.111502,-0.0916199,-0.30879766,0.029315917,-0.07779537,0.10470413,-0.107335895,0.37274823,0.08332643,-0.083917834,-0.03154795,-0.2822753,0.26338506,0.16158985,-0.19543843,-0.19359542,-0.20885916
https://example.org/bda/health-risk/aggregate-measurement/heart-disease-cleveland/age-3/gender-female/systolic-blood-pressure,-0.29074806,-0.13835213,0.041507203,-0.1600056,-0.07446635,0.10013142,-0.078106344,0.24912025,-0.21079202,-0.18801843,0.12598336,-0.26767612,0.29120553,-0.14726341,0.17095225,-0.107007146,-0.11746406,-0.15593632,0.0021257265,-0.08122387,0.12366663,-0.17230679,0.37958774,0.15132675,-0.083586216,0.0032794725,-0.23183121,0.16357839,0.18870482,-0.120110035,-0.08106808,-0.2645815
https://example.org/bda/health-risk/aggregate-measurement/heart-disease-cleveland/age-3/gender-male/age-years,0.17170934,-0.13773291,0.16267301,-0.099661335,0.08403362,-0.0870694,-0.25036973,-0.117150374,-0.03005104,-0.1935965,0.17202277,0.14685877,0.08369737,0.2868804,0.19385934,-0.056896616,-0.056199703,-0.21942867,-0.10934722,0.15134968,0.015959593,-0.13527848,0.39940098,-0.046151273,-0.0732976,0.17818096,-0.23651987,0.34045848,0.17918776,0.057886913,0.2338065,-0.19737332
https://example.org/bda/health-risk/aggregate-measurement/heart-disease-cleveland/age-3/gender-male/exercise-induced-angina,0.18499596,-0.069811694,0.13576256,-0.10566296,0.10684949,-0.025012007,0.24853073,-0.1591547,-0.040404577,0.073381364,0.1933739,0.22921799,0.062243883,-0.22707787,0.23824413,-0.03753924,-0.15240276,-0.20437558,-0.16962385,0.182936,0.1220957,-0.14011887,0.41884243,-0.15252842,-0.08563622,0.07847889,-0.25173637,0.28222108,0.19773565,0.031193014,0.12415054,-0.22167541
https://example.org/bda/health-risk/aggregate-measurement/heart-disease-cleveland/age-3/gender-male/glucose-risk,-0.255724,-0.13001385,0.12722489,0.0019602994,0.10265674,-0.25238612,0.043882713,-0.20432143,0.013699533,-0.04911549,0.07410314,0.1379336,0.091359265,0.05639443,0.05590825,0.03314168,-0.16231552,-0.281976,-0.27052635,0.25769612,0.2091169,-0.062032532,0.24390371,-0.19618881,-0.07190897,0.12702225,-0.1810561,0.26782003,0.10102549,0.26229408,0.37970683,-0.027056258
https://example.org/bda/health-risk/aggregate-measurement/heart-disease-cleveland/age-3/gender-male/high-blood-pressure,0.12159864,-0.1423264,0.17692186,-0.19551367,0.10611442,-0.24596897,0.117134795,-0.16664276,-0.21692595,-0.17570658,0.16114181,0.26626942,0.09482148,0.14887412,0.09672422,-0.029431485,-0.12202357,-0.23566796,-0.23872551,0.22066757,0.15399472,-0.19412974,0.2679753,-0.22111584,-0.093065225,0.14613022,-0.22412707,0.13378292,0.1783814,0.13085821,0.20444708,-0.13748133
https://example.org/bda/health-risk/aggregate-measurement/heart-disease-cleveland/age-3/gender-male/high-cholesterol,0.30220756,-0.102602564,0.19396514,-0.13668531,0.107436,-0.007462159,-0.17531095,-0.20224558,-0.1385053,0.08451864,0.15578377,0.15770613,0.15450884,-0.206345,0.2108428,-0.018711623,-0.08736977,-0.3142701,-0.20718491,0.19831966,0.12817322,-0.09348514,0.29305694,-0.24504611,-0.10901668,0.16106114,-0.23575564,0.24903084,-0.051608007,0.16191354,0.16267173,-0.03691244
https://example.org/bda/health-risk/aggregate-measurement/heart-disease-cleveland/age-3/gender-male/maximum-heart-rate,0.15991643,-0.19541582,0.20833585,-0.17676154,0.015150016,-0.11708373,0.21863493,-0.17986836,-0.016468173,-0.20462967,0.15325129,0.25070977,0.18110068,0.09110904,-0.122072116,0.052549887,-0.29700124,-0.14410204,-0.20766532,0.23492976,0.22941148,-0.30202293,0.20786929,-0.042658728,-0.20832142,0.098264456,-0.14755946,0.1360629,0.17700009,0.11048723,0.21624078,0.02110808
https://example.org/bda/health-risk/aggregate-measurement/heart-disease-cleveland/age-3/gender-male/systolic-blood-pressure,-0.189472,-0.21087407,0.22998227,-0.24124247,0.07843094,-0.054652393,-0.1128452,-0.1735471,-0.11444465,-0.16604099,0.16802162,0.20778587,0.06697198,-0.10721589,0.23607764,0.017737433,-0.06174996,-0.18266624,-0.16411103,0.24579003,0.117538735,-0.19989969,0.3289117,-0.16024591,-0.06040555,0.13662432,-0.15457593,0.23471104,0.15490595,0.1683366,0.28581116,-0.1580173
https://example.org/bda/health-risk/aggregate-measurement/heart-disease-cleveland/age-4/gender-female/age-years,0.27127084,-0.094042495,0.10245889,0.12624387,-0.02751102,0.057197705,-0.30439052,-0.056344442,-0.18619506,-0.24141318,0.1719198,-0.16838157,0.1905558,0.2613005,0.19398911,-0.019580942,-0.13612005,0.06543312,-0.07811157,0.08368643,0.1262299,-0.08757263,0.355754,-0.18369283,-0.08970788,-0.08479008,-0.23557587,0.29923686,0.21761614,-0.17679775,0.085060775,-0.17851216
https://example.org/bda/health-risk/aggregate-measurement/heart-disease-cleveland/age-4/gender-female/exercise-induced-angina,0.09870866,-0.10930692,0.090645336,0.1821955,-0.10888432,0.14417031,0.17309582,-0.21035607,-0.12822975,0.084735945,0.16974147,-0.08463791,0.2184156,-0.29302704,0.17599456,0.06247428,-0.2208245,0.15588145,-0.007537128,0.041542236,0.2240266,-0.10791153,0.32459268,-0.09019669,-0.06899,-0.06490846,-0.23067512,0.29131597,0.30323792,-0.21371688,0.18778522,-0.17856109
https://example.org/bda/health-risk/aggregate-measurement/heart-disease-cleveland/age-4/gender-female/glucose-risk,-0.21783863,-0.16035199,0.08344998,0.1977055,-0.0132206,0.2575559,-0.18584314,-0.14072704,-0.3328295,-0.27362868,0.13008575,-0.124049045,0.16412945,-0.06680799,0.15633398,0.08775533,-0.19917558,0.29149604,-0.06263817,0.23787008,0.15472208,-0.16511342,0.2430548,-0.10307263,-0.06732935,-0.05275302,-0.14271437,0.15055414,0.27688277,-0.13672012,0.16330622,-0.0024252126
https://example.org/bda/health-risk/aggregate-measurement/heart-disease-cleveland/age-4/gender-female/high-blood-pressure,0.25703266,-0.13981143,0.14796388,0.2849103,-0.11727612,0.28744477,0.2884842,-0.1625095,-0.19000281,-0.12698257,0.09891937,-0.14622849,-0.06299485,0.2746324,0.06127981,0.12132245,0.06362137,0.295805,0.088248596,-0.0056568882,0.062154718,-0.13275205,0.29617935,-0.18326688,-0.18355513,-0.114360616,-0.12740207,0.22520794,0.026206931,-0.0907218,0.15076232,-0.19110031
https://example.org/bda/health-risk/aggregate-measurement/heart-disease-cleveland/age-4/gender-female/high-cholesterol,0.24023257,-0.12682848,0.15519838,0.17064145,-0.08412171,0.30337754,-0.20470706,-0.26346868,-0.07998732,0.06626929,0.17996882,-0.20593308,0.22549704,-0.1600867,0.12863901,0.14392416,-0.0843355,0.21505274,0.016049702,0.123702906,0.07999214,-0.22304173,0.21240586,-0.20990553,-0.1809256,-0.0985908,-0.21416889,0.23879448,0.14567874,-0.20724228,0.19534974,-0.03626793
https://example.org/bda/health-risk/aggregate-measurement/heart-disease-cleveland/age-4/gender-female/maximum-heart-rate,0.15298304,-0.07275207,0.043118656,0.19376735,-6.807516e-05,0.006675394,0.20815851,-0.091740265,0.051426295,-0.0742897,0.19391698,-0.02994842,0.15451309,0.17338991,0.27198184,0.073484086,-0.04299725,0.14332233,-0.03939737,0.120915264,0.09393241,-0.08678114,0.48267898,-0.1811616,-0.07714755,-0.080800936,-0.28181586,0.38354415,0.2467322,-0.17622551,0.037609264,-0.21693723
https://example.org/bda/health-risk/aggregate-measurement/heart-disease-cleveland/age-4/gender-female/systolic-blood-pressure,-0.18392004,-0.09341482,0.12593922,0.19985516,-0.04855993,0.25573963,-0.19507182,-0.14837009,-0.15751547,-0.23375326,0.15865667,-0.15381801,0.10725605,-0.18684423,0.20886557,0.124979615,-0.110658415,0.08747221,-0.02462309,0.0032231999,0.18896736,-0.1745793,0.37639427,-0.10949125,-0.13605496,-0.13245752,-0.23047821,0.32922965,0.20414373,-0.11001115,0.12938699,-0.17727473
https://example.org/bda/health-risk/aggregate-measurement/heart-disease-cleveland/age-4/gender-male/age-years,0.27664852,-0.053050663,-0.0908091,-0.13527453,-0.037455663,-0.32453457,-0.115900435,-0.16150102,-0.40908864,-0.19853708,0.12448225,-0.18014911,0.14917262,0.17105708,0.11387343,0.0715488,-0.11799396,-0.11574004,-0.1500876,0.19982791,0.078728326,0.09275974,0.26213136,0.13430859,0.10533061,-0.11669338,-0.182608,0.2119229,0.23526554,0.1473621,-0.16417217,-0.15883498
https://example.org/bda/health-risk/aggregate-measurement/heart-disease-cleveland/age-4/gender-male/exercise-induced-angina,0.16312395,-0.07003187,-0.062266227,-0.15900579,-0.023350498,-0.17891802,0.20702676,-0.20182155,-0.33961162,0.010044893,0.13754773,-0.2065692,0.1988425,-0.1241992,0.18076462,0.10689432,-0.17579304,-0.19101231,-0.12716852,0.14316285,0.17991447,0.06022088,0.30120957,0.17993626,0.1018856,-0.066419385,-0.2040087,0.26028985,0.2618412,0.1561995,-0.19398375,-0.17081115
https://example.org/bda/health-risk/aggregate-measurement/heart-disease-cleveland/age-4/gender-male/glucose-risk,-0.30931374,-0.028933434,-0.06198537,-0.20818698,-0.08919611,-0.18724516,-0.13290739,-0.19709095,-0.32482824,-0.11294951,0.1559527,-0.10089064,0.1737149,-0.15863748,0.17976314,0.11918111,-0.08960986,-0.10519565,-0.12554449,0.14766912,0.06252992,0.11204947,0.32778987,0.20422624,0.15124138,-0.1374135,-0.18538001,0.22562051,0.24247967,0.15647675,-0.26237258,-0.02672727
https://example.org/bda/health-risk/aggregate-measurement/heart-disease-cleveland/age-4/gender-male/high-blood-pressure,0.17367567,-0.06562207,-0.09866256,-0.19183987,-0.063460924,-0.16179599,0.26101607,-0.11267248,-0.37961617,-0.09822495,0.10139294,-0.29352358,0.1185743,0.039628077,0.07206282,0.14120294,-0.05900415,-0.16231601,-0.19816068,0.15513943,0.1742236,0.08475968,0.30035827,0.178531,0.13478464,-0.10443854,-0.2421039,0.2593281,0.13964792,0.112957746,-0.20889936,-0.18269992
https://example.org/bda/health-risk/aggregate-measurement/heart-disease-cleveland/age-4/gender-male/high-cholesterol,0.24399018,-0.10837941,-0.054910168,-0.15300609,-0.065744035,-0.20810041,-0.22904187,-0.13390003,-0.25356185,0.12415636,0.18809932,-0.12709863,-0.043169267,-0.21059333,0.26151842,0.09050738,0.13798428,-0.1874258,-0.10601165,0.1832761,-0.12400703,0.14194831,0.26081592,0.26400372,0.11080301,-0.087656476,-0.2179803,0.36140525,-0.06445695,0.14617352,-0.17736386,0.05406192
https://example.org/bda/health-risk/aggregate-measurement/heart-disease-cleveland/age-4/gender-male/maximum-heart-rate,0.06622189,-0.06836862,-0.10709754,-0.19619785,-0.115837336,-0.2560537,0.050951626,-0.18870926,-0.28507724,-0.17575954,0.09191475,-0.17296456,0.13003302,0.20910352,0.13140014,0.122316904,-0.107701644,-0.16409504,-0.12957484,0.19994265,0.14435205,0.073983915,0.34913376,0.17724152,0.23458266,-0.15330191,-0.18128747,0.28264028,0.20343538,0.100761324,-0.19379887,-0.15846255
https://example.org/bda/health-risk/aggregate-measurement/heart-disease-cleveland/age-4/gender-male/systolic-blood-pressure,-0.13135475,0.006005207,-0.09765498,-0.11837617,-0.021441212,-0.10306418,-0.099695824,-0.17625687,-0.4269243,-0.13469374,0.16884516,-0.17444731,0.1483189,-0.13408436,0.24215947,0.10563551,-0.050356288,-0.06669479,-0.10455935,0.23556615,0.019702494,0.0613311,0.37634736,0.09689768,0.19628337,-0.09688804,-0.18913397,0.39201942,0.20562696,0.05767532,-0.09834576,-0.12929809
https://example.org/bda/health-risk/aggregate-measurement/heart-disease-cleveland/age-5/gender-female/age-years,0.24371187,-0.09524646,0.05620576,-0.21773627,-0.036764782,0.22214442,-0.21006916,0.21205918,-0.3100732,-0.12280492,0.12739837,-0.23673642,0.20617282,0.19898771,0.052838784,-0.17960058,-0.10306712,0.2849354,-0.05293342,-0.16966128,0.1256715,0.15604532,0.2048077,0.2355971,-0.04224665,-0.11095565,-0.14629643,0.1300008,0.106079124,0.22638093,0.21730514,-0.13190493
https://example.org/bda/health-risk/aggregate-measurement/heart-disease-cleveland/age-5/gender-female/exercise-induced-angina,0.10299151,-0.16822168,0.09190345,-0.19443576,-0.051572602,0.34589756,-0.21446453,0.033873428,-0.26685843,-0.15714796,0.1512187,-0.108303845,0.32513997,-0.003293946,0.21827973,-0.18854977,0.027720477,0.2323126,0.06155282,-0.12717201,0.07141723,0.13582261,0.3290156,0.10675091,0.08384607,-0.20917425,-0.20331208,0.2667248,0.089136004,0.016688913,0.15117218,-0.11718748
https://example.org/bda/health-risk/aggregate-measurement/heart-disease-cleveland/age-5/gender-female/glucose-risk,-0.16677071,-0.08622654,0.11065565,-0.13511348,-0.08166864,0.2368567,-0.028058123,0.056578074,-0.26210696,-0.29318404,0.1447256,-0.2492239,0.21505716,-0.20095862,0.1309263,-0.16449474,-0.12652326,0.22016901,-0.064478226,-0.17578085,0.15961176,0.18850537,0.2831008,0.28346083,0.008156848,-0.10122044,-0.20717867,0.16555932,0.21869296,0.10412546,0.19639318,-0.0038402444
https://example.org/bda/health-risk/aggregate-measurement/heart-disease-cleveland/age-5/gender-female/high-blood-pressure,0.2509539,-0.056375585,0.12796396,-0.14423545,-0.09203427,0.13761325,0.3901721,0.030405836,-0.19329424,-0.09127812,0.108056776,-0.22825508,0.29173625,0.11068651,0.09589318,-0.20826261,-0.12989432,0.16611865,0.022956314,-0.21733278,0.26735765,0.21944731,0.20487992,0.3183213,-0.022027269,-0.11459891,-0.16073555,0.1504342,0.14500372,0.06234253,0.09551624,-0.07353277
https://example.org/bda/health-risk/aggregate-measurement/heart-disease-cleveland/age-5/gender-female/high-cholesterol,0.33591074,-0.07659637,0.0762551,-0.15072641,-0.06590149,0.25389543,-0.1573745,0.08429565,-0.3777382,0.09170505,0.11317482,-0.22841337,0.12584974,-0.17198104,0.11155111,-0.18543315,0.011517216,0.20405042,0.1092776,-0.19096085,0.047536187,0.20263524,0.2038832,0.22653815,0.004969272,-0.111566536,-0.22383957,0.24630086,-0.07791942,0.21200651,0.20282023,0.04453797
https://example.org/bda/health-risk/aggregate-measurement/heart-disease-cleveland/age-5/gender-female/maximum-heart-rate,0.106448896,-0.1140633,0.0645408,-0.24521373,-0.044586927,0.26422393,0.22190425,0.12917417,-0.4331888,-0.1567292,0.1651301,-0.15053596,0.14828841,0.22095704,0.112437315,-0.15341341,-0.0123924995,0.19098696,0.14049111,-0.11439494,0.01687983,0.12941875,0.29569057,0.16471514,0.028775316,-0.12919469,-0.10997563,0.25432187,0.16355899,0.09803406,0.1925407,-0.18899438
https://example.org/bda/health-risk/aggregate-measurement/heart-disease-cleveland/age-5/gender-female/systolic-blood-pressure,-0.2586084,-0.016624615,0.09661386,-0.052770074,-0.018884292,0.22643742,-0.30109033,0.1221482,-0.31357026,-0.23423424,0.07513527,-0.14471315,0.24360518,-0.16679098,0.060228374,-0.09915397,-0.16110012,0.18432085,-0.03792696,-0.20503682,0.20129716,0.12045069,0.3175647,0.17040837,-0.012653612,-0.09524728,-0.14555027,0.21582118,0.21637724,0.17707081,0.13191646,-0.14908855
https://example.org/bda/health-risk/aggregate-measurement/heart-disease-cleveland/age-5/gender-male/age-years,0.1737783,0.035750907,-0.026245477,-0.14069705,0.12043165,0.2742771,-0.13714635,-0.17003347,-0.21189702,-0.13757296,0.14015633,0.21073265,0.11596998,0.23265423,0.1519275,-0.12377389,-0.08547698,-0.08915604,-0.14454141,0.0800449,0.1505813,0.1564594,0.40192333,-0.07452061,0.09296928,0.14258967,-0.18264978,0.26239714,0.18066339,-0.2123767,-0.23862061,-0.23249298
https://example.org/bda/health-risk/aggregate-measurement/heart-disease-cleveland/age-5/gender-male/exercise-induced-angina,0.33065265,0.15634139,-0.07274072,-0.054928012,0.18966532,0.23569566,0.19357806,-0.14650023,-0.31216386,0.076292045,0.05925579,0.27982265,-0.13802828,-0.13220374,0.13081305,-0.1459126,-0.11313017,-0.06234794,-0.015041032,-0.07530595,0.107064836,0.26588598,0.2651768,-0.21873897,0.118973464,0.1773649,-0.11759025,0.2575922,0.12303894,-0.15942545,-0.19896516,-0.1363955
https://example.org/bda/health-risk/aggregate-measurement/heart-disease-cleveland/age-5/gender-male/glucose-risk,-0.14076322,0.114589214,-0.10262785,-0.14362751,0.08850788,0.26471716,-0.07989712,-0.19725779,-0.1888708,-0.092644036,0.11111799,0.19547231,0.037147786,-0.2517849,0.15598343,-0.2195609,-0.10933041,-0.08351318,-0.1822511,0.04835673,0.13693781,0.24174796,0.3490994,-0.10093985,0.20593019,0.09163463,-0.20118232,0.2885546,0.2726611,-0.20120274,-0.16502924,0.015074981
https://example.org/bda/health-risk/aggregate-measurement/heart-disease-cleveland/age-5/gender-male/high-blood-pressure,0.20082448,0.13106285,-0.13553579,-0.14986502,0.13797434,0.2073484,0.20738104,-0.15486732,-0.17676473,-0.1043051,0.07980461,0.055138517,0.067613125,0.13521148,0.16824578,-0.16604242,-0.08039955,-0.13429685,-0.101392955,0.055945273,0.23074475,0.19088675,0.3199351,-0.19715919,0.12591666,0.06255172,-0.19095597,0.45638207,0.18194023,-0.17682339,-0.16228792,-0.13539888
https://example.org/bda/health-risk/aggregate-measurement/heart-disease-cleveland/age-5/gender-male/high-cholesterol,0.26599792,0.06805562,-0.031916488,-0.18849804,0.11198945,0.3535525,-0.3205583,-0.13076,-0.17585775,-0.0048481463,0.17973329,0.19191828,0.15570611,-0.15595052,0.12082964,-0.11276782,-0.12425155,-0.14218423,-0.14496401,0.029194169,0.17526025,0.1320992,0.22470853,-0.24933961,0.08104622,0.07661405,-0.24595302,0.25206387,0.1503479,-0.17452388,-0.21420485,-0.030542543
https://example.org/bda/health-risk/aggregate-measurement/heart-disease-cleveland/age-5/gender-male/maximum-heart-rate,0.09247627,0.04902937,-0.11064008,-0.23656838,0.12695865,0.30612084,0.19969833,-0.1186944,-0.1552436,-0.11487044,0.15582891,0.20949294,0.09018252,0.14652194,0.15149945,-0.18523209,-0.05287898,-0.2373831,-0.10511146,0.008741143,0.14749464,0.20731252,0.28324625,-0.13049082,0.16902709,0.12784763,-0.18898074,0.28037393,0.26617825,-0.12343741,-0.24625708,-0.16273282
https://example.org/bda/health-risk/aggregate-measurement/heart-disease-cleveland/age-5/gender-male/systolic-blood-pressure,-0.27295324,0.0971984,-0.06750012,-0.0764151,0.119720936,0.23554184,-0.18348965,-0.0972725,-0.14459428,-0.30739212,0.18511619,0.22157408,0.06697559,-0.1374385,0.11196938,-0.1584444,-0.032466102,0.04814654,-0.03288698,0.051078513,0.05172209,0.11044863,0.3259879,-0.17778458,0.050921366,0.14518315,-0.14116077,0.3650235,0.31122926,-0.1947418,-0.13302438,-0.20927839
https://example.org/bda/health-risk/aggregate-measurement/heart-disease-cleveland/age-6/gender-female/age-years,0.076221846,0.08942247,0.034040164,0.13162947,-0.034813203,0.10465054,-0.23206012,-0.011427467,-0.18996114,-0.2539775,0.09890749,0.122577414,0.17980789,0.17609927,0.18098831,-0.14210749,-0.007219295,0.34786215,-0.14699791,-0.039374653,0.11189331,-0.052757464,0.35948113,0.07462297,0.13087662,0.22598143,-0.14585966,0.23479913,0.16679808,-0.33002365,-0.26855648,-0.10996541
https://example.org/bda/health-risk/aggregate-measurement/heart-disease-cleveland/age-6/gender-female/exercise-induced-angina,0.15799773,0.105179854,0.093725584,0.20499787,-0.076389715,0.21942316,0.2930785,-0.12477379,-0.301906,0.07961991,0.17493045,0.16397601,0.14380717,-0.21262684,0.1856034,-0.0855241,-0.15014417,0.18724553,-0.11617409,-0.2226467,0.14512888,0.058170136,0.28256348,0.13524207,0.060500026,0.1305619,-0.20374471,0.13848247,0.24369615,-0.117473245,-0.16382873,-0.26536122
https://example.org/bda/health-risk/aggregate-measurement/heart-disease-cleveland/age-6/gender-female/glucose-risk,-0.21889383,0.09056249,0.12464778,0.25491112,-0.016047698,0.21596922,-0.057793766,-0.19789726,-0.1967744,-0.114930786,0.06410986,0.12697306,0.124429315,-0.19150008,0.13795316,-0.12284185,-0.10119436,0.19249265,-0.21179625,-0.15236518,0.032840636,0.19723524,0.31258065,0.045497287,0.15211967,0.21977971,-0.25417003,0.23802033,0.2927336,-0.23120669,-0.12750128,0.11089125
https://example.org/bda/health-risk/aggregate-measurement/heart-disease-cleveland/age-6/gender-female/high-blood-pressure,0.21919009,0.15132058,0.06833295,0.24748462,-0.049153745,0.29356652,0.25387117,-0.16875365,-0.3023118,-0.1284635,0.12702584,0.16961205,0.090366535,0.09361967,0.15972388,-0.11706226,-0.039371226,0.14828642,-0.10515818,-0.09968125,0.11287556,0.06071132,0.29369748,0.07177313,0.084113136,0.09397176,-0.21050361,0.29594904,0.15589564,-0.215905,-0.2244608,-0.2262623
https://example.org/bda/health-risk/aggregate-measurement/heart-disease-cleveland/age-6/gender-female/high-cholesterol,0.22242694,0.083703585,0.14607927,0.20625792,-0.07943907,0.11795457,-0.17631356,-0.055272568,-0.17516361,0.07819805,0.1538425,0.07388519,0.19533746,-0.22735363,0.14601971,-0.07772418,-0.14905247,0.28979293,-0.20705253,-0.24160583,0.18897642,0.10119331,0.26711515,0.10128474,0.12472666,0.15584414,-0.24661331,0.3453311,0.0702716,-0.26290625,-0.09830118,-0.059172124
https://example.org/bda/health-risk/aggregate-measurement/heart-disease-cleveland/age-6/gender-female/maximum-heart-rate,-0.04665487,0.12621897,0.12025886,0.26374948,-0.06808713,0.25184426,-0.01847135,-0.1511207,-0.024328953,-0.09667465,0.10913824,0.2735533,0.13989583,0.15965152,0.039930865,-0.07477531,-0.13114493,0.1853954,-0.18182273,-0.28893325,0.15763731,-0.0007123416,0.22876514,0.150626,0.083625555,0.12011525,-0.33107015,0.3498244,0.080003165,-0.23828538,-0.18321861,-0.1989003
https://example.org/bda/health-risk/aggregate-measurement/heart-disease-cleveland/age-6/gender-female/systolic-blood-pressure,-0.23975551,0.08612746,0.13889824,0.23458944,-0.09763546,0.18363011,-0.19591929,-0.13836226,-0.11720828,-0.19101799,0.090958215,0.1120896,0.11047132,-0.10734197,0.051510517,-0.11527083,-0.19322701,0.1831462,-0.21026602,-0.18016851,0.17185754,0.14649656,0.35419112,0.15829182,0.15337245,0.052890066,-0.18254581,0.23963754,0.21605112,-0.30615202,-0.11219439,-0.17361827
https://example.org/bda/health-risk/aggregate-measurement/heart-disease-cleveland/age-6/gender-male/age-years,0.1972432,0.13641319,-0.14156084,-0.1417044,0.118712746,0.12552169,-0.20481335,0.18343782,-0.27241975,-0.048119735,0.17082302,0.20494413,0.22762935,0.1922321,0.16782176,0.08606319,-0.019366683,0.097421706,-0.07857478,-0.25786775,0.017453847,-0.14332879,0.33027187,-0.22490655,0.14671387,-0.19681844,-0.27592736,0.25186867,0.12699156,0.14012955,0.0272911,-0.15962547
https://example.org/bda/health-risk/aggregate-measurement/heart-disease-cleveland/age-6/gender-male/exercise-induced-angina,0.08071982,0.14920661,-0.097288564,-0.17649508,0.04520773,0.01770378,0.23994619,0.09663082,0.0024953617,-0.011564737,0.11027688,0.26254392,0.1817216,-0.19500199,0.12760389,0.0075963507,-0.26174352,-0.07541342,-0.12069559,-0.15042135,0.2913544,-0.13180488,0.36056387,-0.10907012,0.1462172,-0.088148035,-0.3149163,0.29319966,0.20184909,0.077604525,0.10535978,-0.25497156
https://example.org/bda/health-risk/aggregate-measurement/heart-disease-cleveland/age-6/gender-male/glucose-risk,-0.08958675,0.01481189,-0.108037956,-0.31146872,0.077801056,0.19538544,0.042680096,0.122892275,-0.056097712,-0.19516316,0.09614967,0.2604558,0.29973704,0.041067544,0.15644701,0.07442048,-0.15076518,0.11112239,-0.02566793,-0.2637225,0.18150383,-0.16358663,0.33024043,-0.20334777,0.10189633,-0.08346574,-0.24748121,0.24486478,0.25044435,0.136107,0.15243706,-0.15367885
https://example.org/bda/health-risk/aggregate-measurement/heart-disease-cleveland/age-6/gender-male/high-blood-pressure,0.25121662,0.1912791,-0.23655337,-0.10831065,0.10457445,0.18788949,0.16488643,0.109120294,-0.031628147,-0.14821646,0.09619404,0.18337333,0.22935739,0.16009097,0.13940597,0.05740905,-0.115839936,0.064101785,-0.09161516,-0.1622374,0.16612934,-0.15516491,0.28318617,-0.25832793,0.18509226,-0.2255636,-0.19538413,0.29229432,0.11375456,0.1679034,0.157216,-0.23457828
https://example.org/bda/health-risk/aggregate-measurement/heart-disease-cleveland/age-6/gender-male/high-cholesterol,0.2954893,0.106729105,-0.14137639,-0.1411381,0.053477153,-0.061996687,-0.21185702,0.19498818,0.07829212,0.11769088,0.18344727,0.12761356,0.2878198,-0.1643998,0.12415697,0.113427855,-0.090904914,0.21476823,-0.1190068,-0.20895636,0.2189553,-0.19210754,0.34603998,-0.16969903,0.077555306,-0.22462225,-0.2228866,0.25548196,0.060873896,0.1814304,0.06676562,-0.07490607
https://example.org/bda/health-risk/aggregate-measurement/heart-disease-cleveland/age-6/gender-male/maximum-heart-rate,0.2687004,0.07327773,-0.17246164,-0.23438555,0.027312843,0.27338153,0.030152364,0.13802649,0.08689026,-0.22777092,0.1379361,0.13756174,0.2545307,0.04818868,0.14049731,0.080916815,-0.15446997,0.17556855,-0.11785183,-0.07896521,0.23333712,-0.23022933,0.33909157,-0.14406076,0.04247854,-0.11221138,-0.22506109,0.24656105,0.24786167,0.08739363,0.0993777,-0.16954362
https://example.org/bda/health-risk/aggregate-measurement/heart-disease-cleveland/age-6/gender-male/systolic-blood-pressure,0.113948785,0.18722375,-0.16799107,-0.20033042,0.14043868,0.06383915,-0.069189854,0.2452833,-0.041651607,0.07422527,-0.026504695,0.16752821,0.06614537,-0.029696852,0.024630385,0.23600581,-0.07611529,0.15865827,0.1235124,-0.27292198,0.029534692,-0.29928645,0.28442168,-0.2223285,0.17697252,-0.20288989,-0.1525121,0.3301249,0.21128556,0.23965448,0.20880882,-0.073512815
https://example.org/bda/health-risk/aggregate-measurement/heart-disease-cleveland/age-7/gender-female/age-years,-0.08503032,0.19847299,0.1059807,0.16932425,-0.08003209,0.25271744,0.04135238,-0.20610379,0.14233778,-0.20612217,0.20415735,-0.11813332,0.1816477,0.13835351,0.057580166,0.17814298,-0.06665895,0.0005199493,-0.17235367,-0.28851235,0.028619654,0.20331834,0.36746952,0.12782602,-0.069285154,-0.065652,-0.14365871,0.19745438,0.14615539,0.14642917,0.40751007,-0.07015581
https://example.org/bda/health-risk/aggregate-measurement/heart-disease-cleveland/age-7/gender-female/exercise-induced-angina,0.23147246,0.22114542,0.09089067,0.17803203,-0.11919796,0.37880138,0.0887999,-0.103335135,-0.0027152088,-0.100891,0.17881255,-0.19400072,0.20078553,0.114106774,0.033058595,0.15260902,-0.023977935,-0.08010945,-0.21233256,-0.1627571,0.15388562,0.12362168,0.31048238,0.22120957,-0.09705529,-0.20807454,-0.27274066,0.19797333,0.045086876,0.22309126,0.14492992,-0.1477018
https://example.org/bda/health-risk/aggregate-measurement/heart-disease-cleveland/age-7/gender-female/glucose-risk,-0.10952818,0.111616954,0.018836183,0.10033813,-0.023765268,0.10227142,-0.23910846,-0.22334139,0.12689622,-0.16177201,0.13812909,-0.080220185,0.18070318,-0.18878132,0.21016292,0.0954031,-0.21107759,-0.064136356,-0.27913082,-0.1547437,0.2380338,0.17244257,0.40056258,0.16858204,-0.021268224,-0.04255984,-0.30130765,0.2603614,0.19479862,0.15558623,0.09363642,-0.011878762
https://example.org/bda/health-risk/aggregate-measurement/heart-disease-cleveland/age-7/gender-female/high-blood-pressure,0.24729015,0.15851481,0.0535842,0.15136272,-0.068301156,0.07341001,0.17224817,-0.13087183,0.34351045,-0.20732656,0.082321405,-0.10836394,0.0922458,0.30845907,0.045769308,0.22004168,-0.017999945,-0.26611802,-0.1320447,-0.19250785,0.112497084,0.14750685,0.2974871,0.09454237,-0.085099,-0.09956581,-0.25691918,0.23270887,0.046453934,0.18015055,0.17031044,-0.19746512
https://example.org/bda/health-risk/aggregate-measurement/heart-disease-cleveland/age-7/gender-female/high-cholesterol,0.043487445,0.1771222,0.079086,0.20956692,-0.09525695,0.18964832,0.04530603,-0.24684384,0.46388793,-0.045130085,0.1198099,-0.13507706,0.16711494,0.04555403,0.04438065,0.20833948,-0.062229723,-0.21451128,-0.15764707,-0.19439393,0.10760293,0.16788244,0.24806598,0.14439182,-0.07393615,-0.13244466,-0.19255903,0.2269228,0.13744757,0.18308242,0.21241628,-0.19885132
https://example.org/bda/health-risk/aggregate-measurement/heart-disease-cleveland/age-7/gender-female/maximum-heart-rate,0.12728176,0.14515993,0.05054868,0.08170284,-0.050185792,0.23447534,0.16604036,-0.15870485,0.37816924,-0.14320318,0.16487563,-0.19257659,0.22124435,0.119900495,0.1160859,0.14723593,-0.09150888,-0.2791022,-0.13137798,-0.18864232,0.15513672,0.16267177,0.21753186,0.16609408,-0.0633508,-0.13272996,-0.15440002,0.19428715,0.17663334,0.24747892,0.20486116,-0.18651968
https://example.org/bda/health-risk/aggregate-measurement/heart-disease-cleveland/age-7/gender-female/systolic-blood-pressure,-0.16588184,0.1472833,0.121836126,0.12388297,-0.05493312,0.1961736,-0.12839642,-0.0829277,0.032921784,-0.16919431,0.056834716,-0.17131266,0.25275654,-0.34631738,0.090480395,0.09763199,-0.1661734,-0.19334513,-0.1964108,-0.2932305,0.17624143,0.1503085,0.35414138,0.14875016,-0.05889925,-0.15905406,-0.15792824,0.17620242,0.25608936,0.1371599,0.14740327,-0.101362504
https://example.org/bda/health-risk/aggregate-measurement/heart-disease-cleveland/age-7/gender-male/age-years,0.334618,-0.15255056,0.053816117,0.12584022,-0.04954958,-0.17005333,-0.31215894,-0.07819141,0.23838508,-0.17674617,0.14124553,0.19920085,0.23436697,0.2767119,0.06819691,-0.11982555,-0.08135111,-0.118593045,-0.100299716,-0.15996584,0.12803695,0.090968065,0.25932303,0.09612238,-0.10354023,-0.117496945,-0.27823123,0.16211173,0.25509518,0.049228437,-0.14875619,-0.19380452
https://example.org/bda/health-risk/aggregate-measurement/heart-disease-cleveland/age-7/gender-male/exercise-induced-angina,-0.11387164,-0.15624394,0.06707953,0.1551388,-0.0706413,-0.25447792,0.3275873,-0.058259733,0.30489072,-0.00044405917,0.119166024,0.097932406,0.2886688,0.0666717,-0.0014824517,-0.089939006,-0.14731064,-0.15625702,-0.0323394,-0.12559584,0.10055262,0.1370856,0.3302101,0.17046955,-0.07592827,-0.154583,-0.20909902,0.1457341,0.32638404,0.19883475,-0.11207156,-0.24041294
https://example.org/bda/health-risk/aggregate-measurement/heart-disease-cleveland/age-7/gender-male/glucose-risk,-0.25535437,-0.12995665,0.019032948,0.1714869,-0.071880214,-0.09458435,-0.22764425,-0.0824217,0.4635471,-0.19546463,0.09115521,0.11935223,0.16816308,-0.25600544,0.033384115,-0.149851,-0.12513632,-0.03660353,-0.036483895,-0.19525571,0.07822036,0.08224676,0.29846045,0.18615668,-0.076410584,-0.14802875,-0.20030801,0.16128746,0.23415942,0.050652962,-0.27142817,0.06599006
https://example.org/bda/health-risk/aggregate-measurement/heart-disease-cleveland/age-7/gender-male/high-blood-pressure,0.23769227,-0.07273364,0.046127707,0.2732436,-0.035106312,-0.22993557,0.13074128,-0.14529695,0.3061382,-0.23085988,0.11577748,0.11438539,0.20655712,0.25182846,0.15583757,-0.08662928,-0.05903586,-0.04815558,-0.008856383,-0.14264292,0.14970502,0.1604157,0.39898834,0.14289828,-0.14826402,-0.11775928,-0.21031557,0.14175019,0.16173604,0.11018991,-0.1882407,-0.17274316
https://example.org/bda/health-risk/aggregate-measurement/heart-disease-cleveland/age-7/gender-male/high-cholesterol,0.32488188,-0.11252286,0.074255705,0.11738545,-0.08450104,-0.20098975,-0.27743807,-0.12067363,0.499643,0.11247817,0.09975388,0.15744607,0.19425464,-0.22844298,-0.010460392,-0.09358817,-0.113415085,-0.09805532,-0.003802882,-0.25480422,0.12800375,0.06138858,0.21262076,0.18219705,-0.13137372,-0.13155366,-0.20930597,0.09154072,0.0733857,0.10990706,-0.1933178,0.0060581733
https://example.org/bda/health-risk/aggregate-measurement/heart-disease-cleveland/age-7/gender-male/maximum-heart-rate,0.29217103,-0.116424866,0.079464786,0.2398331,-0.09573345,-0.11718603,0.23357186,-0.17488435,0.4054622,-0.14691396,0.12759404,0.26677123,0.21962535,0.13184011,0.14652772,-0.1030529,-0.09386953,-0.024035059,-0.03935208,-0.20817836,0.14783017,0.08106906,0.30435404,0.0654644,-0.09530495,-0.102093756,-0.23645216,0.16553982,0.14712593,0.026679236,-0.14399092,-0.18039326
https://example.org/bda/health-risk/aggregate-measurement/heart-disease-cleveland/age-7/gender-male/systolic-blood-pressure,-0.09870905,-0.16443653,0.07819524,0.20195095,-0.10552231,-0.32795772,-0.16702816,-0.15697867,0.16172859,-0.14208628,0.16430484,0.1671987,0.15724395,-0.29843262,0.18374965,-0.17996289,-0.13742563,-0.10177603,0.044058103,-0.061334006,0.088987164,0.10439839,0.40301368,0.10156969,-0.12823693,-0.08777566,-0.25560814,0.25605667,0.08556839,0.09934067,-0.1276285,-0.22095563
https://example.org/bda/health-risk/aggregate-measurement/heart-disease-cleveland/age-8/gender-female/age-years,0.33968395,-0.16216928,-0.10850745,-0.1501616,-0.08586287,0.3173728,-0.10185906,-0.15948798,0.21640505,-0.07896236,0.17764005,0.28630194,0.11922126,0.23427364,0.17036958,0.07780694,-0.094402164,0.11353451,-0.03879458,0.18950951,0.04999402,-0.17308071,0.31102455,0.12354831,-0.08233744,0.09514922,-0.21241254,0.12542036,0.20902507,0.13764098,0.17304635,-0.1907203
https://example.org/bda/health-risk/aggregate-measurement/heart-disease-cleveland/age-8/gender-female/exercise-induced-angina,-0.033914283,-0.12762903,-0.10598598,-0.17006446,-0.06933711,0.07324889,0.32907507,-0.11797446,0.29949847,-0.054549657,0.07530653,0.23121998,0.11417555,-0.053676996,0.053191163,0.19292918,-0.20064314,0.22228797,-0.104764275,0.16260934,0.23905937,-0.05575696,0.26635247,0.16749862,-0.15278472,0.1854306,-0.23394142,0.07029612,0.26335418,0.25491127,0.17275527,-0.18527123
https://example.org/bda/health-risk/aggregate-measurement/heart-disease-cleveland/age-8/gender-female/glucose-risk,0.102277085,-0.1481761,-0.09318994,-0.24145031,-0.0631144,0.11776859,0.11291905,-0.109540336,0.310755,-0.16294114,0.18246277,0.25343987,0.26687828,0.08881591,0.17700656,0.11089382,-0.13365516,0.20711152,-0.07599571,0.21020347,0.17458901,-0.05916799,0.28606266,0.08548599,-0.074081235,0.16704142,-0.1869867,0.15519671,0.22485046,0.13825613,0.23608571,-0.2508434
https://example.org/bda/health-risk/aggregate-measurement/heart-disease-cleveland/age-8/gender-female/high-blood-pressure,0.21765414,-0.109654635,-0.08354463,-0.14216766,-0.06637603,0.23647076,0.20711723,-0.08913871,0.34153864,-0.16853078,0.15179689,0.24650511,0.20484985,0.20892157,0.16496527,0.078234494,-0.042068798,0.21835619,-0.04264427,0.14520869,0.12140142,-0.081828184,0.29792234,0.12582457,-0.075342394,0.07570444,-0.17209041,0.23270504,0.2445817,0.1534603,0.14005993,-0.24062645
https://example.org/bda/health-risk/aggregate-measurement/heart-disease-cleveland/age-8/gender-female/high-cholesterol,0.18305524,-0.14452042,-0.10855369,-0.23501864,-0.07310346,0.1908292,-0.1586836,-0.09969604,0.39400622,0.036139067,0.13422911,0.25586277,0.25596958,-0.22332163,0.15549482,0.07698554,-0.074799135,0.19887203,-0.12921453,0.17383738,0.17395343,-0.08900453,0.2798447,0.14328589,-0.09495613,0.15272418,-0.24535881,0.16978873,0.069448166,0.19337308,0.14480782,-0.050361328
https://example.org/bda/health-risk/aggregate-measurement/heart-disease-cleveland/age-8/gender-female/maximum-heart-rate,0.045878183,-0.088654324,-0.09549889,-0.13515252,-0.11438844,0.10197908,0.13495313,-0.19463211,0.24510771,-0.15010548,0.08113252,0.28481075,0.15679923,0.2871416,0.047485344,0.16939928,-0.10681487,0.20625077,-0.037707638,0.27316067,0.1649889,-0.12200456,0.36013818,0.2101421,-0.117177404,0.12423359,-0.12369138,0.06356254,0.141403,0.20370954,0.28979525,-0.18666402
https://example.org/bda/health-risk/aggregate-measurement/heart-disease-cleveland/age-8/gender-female/systolic-blood-pressure,-0.14316747,-0.13268952,-0.11468469,-0.1557095,-0.08893825,0.26506513,-0.13151272,-0.15577121,0.33951303,-0.09892489,0.18552223,0.23049289,0.17494437,-0.10241601,0.2224511,0.16100045,-0.024950847,0.20676534,-0.019441387,0.1634745,0.10599955,-0.124955624,0.35512432,0.09399879,-0.10480641,0.1493931,-0.13045615,0.22445926,0.11731202,0.26222363,0.20520586,-0.1343746
https://example.org/bda/health-risk/aggregate-measurement/heart-disease-cleveland/age-8/gender-male/age-years,0.15706968,0.0995644,0.08937057,0.18948232,0.13461536,-0.1482503,-0.33509105,0.09945114,-0.19037534,-0.16870816,0.1977666,0.05637533,0.2763209,0.23914568,0.10619348,0.031191919,-0.076366276,-0.2613562,-0.09014612,-0.047819108,-0.038074367,0.14957446,0.34257352,-0.23380001,0.15475744,0.10423457,-0.15769322,0.13066994,0.1798769,0.18153611,0.2009879,-0.20881496
https://example.org/bda/health-risk/aggregate-measurement/heart-disease-cleveland/age-8/gender-male/exercise-induced-angina,-0.091284096,0.093230695,0.07266567,0.2044516,0.095104456,-0.20397438,0.18751763,0.15618575,-0.2397175,-0.022715457,0.15983188,-0.031071056,0.2496594,-0.07253374,0.24681735,0.045813166,0.053577337,-0.12359352,-0.06684467,-0.113122344,0.0005047915,0.13388905,0.45238286,-0.08146363,0.083040945,0.1207823,-0.31591636,0.33444482,0.15261723,0.096853085,0.213835,-0.18553713
https://example.org/bda/health-risk/aggregate-measurement/heart-disease-cleveland/age-8/gender-male/glucose-risk,-0.20371532,0.053816237,0.10033829,0.1487321,0.137378,-0.22596376,-0.07695703,0.101287104,-0.071505494,-0.07753752,0.22057986,0.10696494,0.19282356,-0.31102833,0.16990004,0.011286765,-0.064876005,-0.17277569,-0.20143916,-0.15889212,-0.011400471,0.12946492,0.44319913,-0.1636246,0.14925075,0.12863097,-0.24111845,0.18565287,0.2641183,0.18703887,0.16227284,-0.026276901
https://example.org/bda/health-risk/aggregate-measurement/heart-disease-cleveland/age-8/gender-male/high-blood-pressure,0.034739763,-0.017877528,0.10152634,-0.013598094,0.11303131,-0.1221782,-0.14118224,0.11587643,-0.14820698,-0.20157215,0.07038377,0.12697008,0.35137346,0.037720576,0.18082061,0.06686415,-0.1459418,-0.2947872,-0.08353585,-0.21781464,0.13234746,0.10803268,0.32503268,-0.25492144,0.15880571,0.12475804,-0.20243013,0.18417336,0.21361724,0.15879986,0.35425806,-0.0820028
https://example.org/bda/health-risk/aggregate-measurement/heart-disease-cleveland/age-8/gender-male/high-cholesterol,0.37309295,0.07316891,0.14807215,0.28150505,0.12204908,-0.088927954,-0.16019592,0.09191831,-0.00027936124,0.08432889,0.19921492,0.036510978,0.21540959,-0.23176469,0.22457853,0.039687615,-0.026445912,-0.21200088,-0.18487294,-0.10365242,0.009523882,0.085515104,0.36447027,-0.15274481,0.042888816,0.14045158,-0.3131082,0.24412847,0.011226808,0.12772277,0.21594779,-0.02628394
https://example.org/bda/health-risk/aggregate-measurement/heart-disease-cleveland/age-8/gender-male/maximum-heart-rate,0.06930445,0.08125664,0.13970837,0.19225793,0.14598761,-0.2412229,0.16543175,0.13584904,-0.36185133,0.04043482,0.13530791,0.19439726,0.2478102,0.06287265,0.06888829,0.03045616,-0.08388004,-0.25392583,-0.21187347,-0.18394059,0.120691545,0.1696992,0.28739694,-0.25825527,0.14099254,0.1516583,-0.19906722,0.025753286,0.10368582,0.1335081,0.23340178,-0.19484822
https://example.org/bda/health-risk/aggregate-measurement/heart-disease-cleveland/age-8/gender-male/systolic-blood-pressure,-0.24142078,0.014667739,0.1973736,0.33706295,0.104225464,-0.083408765,-0.12877007,0.11260427,-0.20277594,-0.088112265,-0.020256067,-0.0784045,0.18596457,-0.16133882,0.101154916,0.019691648,-0.126796,-0.1732044,-0.20868596,-0.070905946,0.23690757,0.25487342,0.44935533,-0.22599792,0.2169604,0.19017136,-0.15859318,0.12657547,0.02896271,0.091583535,0.07154182,-0.08768653
https://example.org/bda/health-risk/aggregate-measurement/heart-disease-cleveland/age-9/gender-female/age-years,-0.03193439,-0.11255938,0.03341716,-0.21968587,-0.030433593,-0.13979654,-0.20140535,0.08325178,-0.16742228,-0.1553909,0.15193565,0.20986816,0.042406894,0.14540605,0.14894353,0.12159819,-0.16617034,0.21547002,-0.07901834,-0.13225414,0.18460873,-0.17979425,0.3418621,0.10530168,-0.14479487,0.16278572,-0.2617039,0.29436812,0.25207502,0.1344613,0.17489064,-0.28774342
https://example.org/bda/health-risk/aggregate-measurement/heart-disease-cleveland/age-9/gender-female/exercise-induced-angina,-0.060139947,-0.13634667,0.07290796,-0.08090358,-0.033711605,-0.26422036,0.19196543,0.089999676,0.1182936,-0.0050838776,0.16872282,0.25554672,0.056282174,-0.10372322,0.18983221,0.1165095,-0.14871635,0.17817976,-0.05636407,-0.14875777,0.20646966,-0.15111575,0.3354041,0.11678999,-0.12814307,0.17900668,-0.27689943,0.35350654,0.27752447,0.07417918,0.21787429,-0.16684404
https://example.org/bda/health-risk/aggregate-measurement/heart-disease-cleveland/age-9/gender-female/glucose-risk,-0.3044257,-0.13816293,-0.010409506,-0.3543669,-0.04816565,-0.2394962,-0.14520249,0.17322849,0.046704162,-0.13664596,0.1067664,0.12593335,0.091769196,-0.15668416,0.14472419,0.11979607,-0.11781398,0.33892944,-0.04569788,-0.05826698,0.16262898,-0.25138104,0.2907624,0.16192204,-0.12954545,0.11339098,-0.1621607,0.2358446,0.25832522,0.12324361,0.082720935,0.02101448
https://example.org/bda/health-risk/aggregate-measurement/heart-disease-cleveland/age-9/gender-female/high-blood-pressure,0.117859416,-0.10027608,0.014410953,-0.20110156,-0.07368853,-0.2222086,0.21037452,0.114762284,0.012161572,-0.18993723,0.12315928,0.123263754,0.12005306,0.34895536,0.21071862,0.14070618,-0.07440105,0.19922349,-0.034056075,-0.05243169,0.21957411,-0.15399148,0.35474312,0.17538835,-0.119439535,0.08186134,-0.22083507,0.25656992,0.2542184,0.12606804,0.16479842,-0.1878673
https://example.org/bda/health-risk/aggregate-measurement/heart-disease-cleveland/age-9/gender-female/high-cholesterol,0.10853333,-0.13764493,0.072097175,-0.25401285,-0.100818895,-0.28093138,-0.2608822,0.12332446,-0.028526165,0.016479192,0.19715123,0.29259798,0.09928192,-0.113517284,0.23413898,0.10287497,-0.105508104,0.20602797,-0.056765206,-0.13260706,0.22724026,-0.13129865,0.2683792,0.26006162,-0.10997001,0.120434985,-0.20473126,0.25255674,0.124512136,0.19888848,0.19479817,-0.07250021
https://example.org/bda/health-risk/aggregate-measurement/heart-disease-cleveland/age-9/gender-female/maximum-heart-rate,0.052340828,-0.11795501,0.0828655,-0.14503486,-0.098801486,-0.26169974,0.11654808,0.13769779,-0.00045941575,-0.16305876,0.12789893,0.17228772,0.03504774,0.22332448,0.13129604,0.17207699,-0.19103937,0.21675211,-0.11141673,-0.1652373,0.3110704,-0.105664715,0.2602149,0.22350937,-0.067226894,0.07683873,-0.26085982,0.30457273,0.14583966,0.24934864,0.14589006,-0.22207028
https://example.org/bda/health-risk/aggregate-measurement/heart-disease-cleveland/age-9/gender-female/systolic-blood-pressure,-0.34851456,-0.06669125,0.018711621,-0.14365761,-0.07814717,-0.12358437,-0.27489802,0.13152762,-0.101822965,-0.14544882,0.16509102,0.14331669,0.06894574,-0.16026482,0.15077166,0.19294009,-0.08976417,0.23610662,-0.07804442,-0.14110596,0.17519905,-0.107641295,0.3594942,0.15936236,-0.06931237,0.108586594,-0.12009285,0.35488904,0.22368482,0.09418624,0.15772983,-0.20413586
https://example.org/bda/health-risk/aggregate-measurement/heart-disease-cleveland/age-9/gender-male/age-years,0.2752294,0.116311975,-0.044847246,0.1427768,0.10177779,-0.2321456,-0.1937429,0.14393796,0.04069559,-0.10282089,0.099449396,-0.2619535,0.012713671,0.20568007,0.031078707,-0.29356107,0.06487025,-0.31565765,0.11233982,0.19977507,-0.061095256,0.18094882,0.26977214,-0.13771182,-0.11918336,0.17114091,-0.18018207,0.25679386,0.17211379,0.23382242,-0.09506595,-0.16012545
https://example.org/bda/health-risk/aggregate-measurement/heart-disease-cleveland/age-9/gender-male/exercise-induced-angina,-0.09139119,0.094710395,-0.08144562,0.20271577,0.09043223,-0.26525012,-0.19851086,0.11720873,-0.09493802,-0.14997587,0.12045926,-0.14056897,0.14636464,0.06368948,0.1832638,-0.16459881,-0.16652183,-0.009527828,-0.06686339,0.2157902,0.24925946,0.18355657,0.41754085,-0.22138524,-0.068355106,0.12750758,-0.26496512,0.2421046,0.25333545,0.07694531,-0.01934638,-0.18187916
https://example.org/bda/health-risk/aggregate-measurement/heart-disease-cleveland/age-9/gender-male/glucose-risk,-0.30149168,0.13977937,-0.11798762,0.17600574,0.11728429,-0.0015650458,-0.11846293,0.16979416,-0.08706772,-0.1742943,0.07998024,-0.33908233,0.082327545,-0.19004992,-0.024409804,-0.20890628,-0.28440702,-0.115346126,-0.06930669,0.18719019,0.24107045,0.08287181,0.14752534,-0.21103132,-0.09063136,0.24224825,-0.18401325,0.048988868,0.3483745,0.18733898,0.10087002,0.08040933
https://example.org/bda/health-risk/aggregate-measurement/heart-disease-cleveland/age-9/gender-male/high-blood-pressure,0.2228989,0.15149553,-0.073296234,0.20967849,0.094683126,-0.11935896,0.22248039,0.19354808,-0.13922434,-0.18173154,0.15037961,-0.24601091,0.051312964,0.33158445,0.09809509,-0.19487923,0.025561072,-0.27040586,0.038240835,0.15482365,0.10178899,0.1413211,0.20904113,-0.22909233,-0.16497412,0.15583096,-0.15788357,0.17138654,0.11449983,0.31242886,-0.1212771,-0.12321114
https://example.org/bda/health-risk/aggregate-measurement/heart-disease-cleveland/age-9/gender-male/high-cholesterol,0.3183789,0.10599959,-0.13360992,0.1977157,0.056542464,-0.12350299,-0.3312598,0.2334844,-0.17468517,0.13861638,0.1852546,-0.31818205,0.13383704,-0.26347384,0.14917558,-0.15490454,-0.009225206,-0.1752716,0.021656275,0.11941207,0.11680838,0.11622834,0.25175267,-0.12259,-0.070759416,0.12373871,-0.16166659,0.27084446,0.060848117,0.22900298,-0.041447643,0.011020427
https://example.org/bda/health-risk/aggregate-measurement/heart-disease-cleveland/age-9/gender-male/maximum-heart-rate,0.032761816,0.11999573,-0.07583412,0.18029912,0.124394424,-0.21400855,0.15622948,0.19199578,-0.14257614,-0.11720252,0.1460844,-0.2709918,0.12933636,0.10202673,0.13117312,-0.20453647,-0.0694684,-0.07047438,0.015250758,0.21280377,0.21711259,0.1865443,0.3741281,-0.17536499,-0.1660825,0.13662782,-0.23256058,0.2819872,0.16544795,0.19551331,-0.09539866,-0.21489964
https://example.org/bda/health-risk/aggregate-measurement/heart-disease-cleveland/age-9/gender-male/systolic-blood-pressure,-0.38197947,0.11695883,-0.1207827,0.07662766,0.113622986,-0.18000998,-0.14283065,0.2583479,-0.0028930549,-0.19050427,0.09869818,-0.14034943,0.09810063,-0.277427,0.18241584,-0.0820032,-0.06347864,-0.16212812,-0.0071342136,0.17061897,0.1737419,0.069975376,0.33162722,-0.11716162,-0.024010332,0.20052856,-0.20086972,0.29185534,0.19185014,0.17793532,-0.10167384,-0.1782708
https://example.org/bda/health-risk/aggregate-measurement/heart-disease-health-indicators/age-1/gender-female/age-years,0.09742104,-0.1221666,-0.06390267,-0.24680993,0.10434331,-0.19512914,-0.24864797,0.17941003,0.269414,-0.033948235,0.11670983,-0.22677702,-0.34169868,0.26580924,0.11543482,-0.14560565,0.088879876,0.24982212,-0.15526457,0.16920865,-0.1470138,-0.08013987,0.26403204,-0.15144597,-0.10281901,-0.17290226,-0.15433942,0.018436873,-0.11759489,-0.1765108,-0.17684622,-0.14921337
https://example.org/bda/health-risk/aggregate-measurement/heart-disease-health-indicators/age-1/gender-female/body-mass-index,0.07979526,0.044811554,0.06741331,0.13539794,-0.030177176,-0.08435023,0.23217842,0.11183433,-0.0746954,0.16599108,0.19154134,0.02913317,-0.27678242,-0.3248882,-0.008498146,-0.02593643,0.25325954,0.12860587,-0.23136409,-0.012592493,-0.35805738,-0.13768877,0.23800226,0.104080155,0.022764377,-0.22977431,-0.28081092,0.14410283,-0.24869068,0.17350574,-0.0706694,-0.204558
https://example.org/bda/health-risk/aggregate-measurement/heart-disease-health-indicators/age-1/gender-female/difficulty-walking,0.2074132,-0.14673121,-0.09643013,-0.19315274,0.107546285,-0.14054,-0.11009946,0.1935371,0.27068496,-0.14723368,0.1533567,-0.18622078,-0.2438962,-0.10040213,0.07481045,-0.15108371,0.17808683,0.26203,-0.17031215,0.20199263,-0.04152719,-0.10614181,0.28550002,-0.07628126,-0.09778383,-0.15203477,-0.27594176,0.22408475,-0.18065749,-0.1729741,-0.19963178,-0.15769444
https://example.org/bda/health-risk/aggregate-measurement/heart-disease-health-indicators/age-1/gender-female/general-health-score,-0.20303112,-0.045053586,-0.06723707,-0.18332815,0.18011482,-0.24353544,-0.16143543,0.14548816,0.13989745,0.054166663,0.09351235,-0.11125793,-0.22902419,-0.33677158,0.10209836,-0.10702501,0.15510398,0.33438918,-0.13345882,0.13479158,-0.1207995,-0.039314076,0.34211266,-0.14956914,-0.10120249,-0.13899896,-0.15622672,0.057916854,-0.25436285,-0.16371548,-0.18157989,-0.1976456
https://example.org/bda/health-risk/aggregate-measurement/heart-disease-health-indicators/age-1/gender-female/heavy-alcohol,-0.22581384,-0.12309217,-0.094959125,-0.18252411,0.08910425,-0.17996813,-0.101048194,0.18358192,0.28280857,0.0858368,0.15834832,-0.15402043,-0.3049599,0.0127118025,0.090168774,-0.16090202,0.22257681,0.18610053,-0.18104278,0.21133332,-0.2212218,-0.17306112,0.21600275,-0.09506882,-0.08992611,-0.15138425,-0.21275184,0.15745671,-0.24215779,-0.17470893,-0.23559053,-0.04508819
https://example.org/bda/health-risk/aggregate-measurement/heart-disease-health-indicators/age-1/gender-female/high-blood-pressure,0.20717975,-0.08528604,-0.048354644,-0.22046523,0.10732634,-0.14669546,0.10712055,0.12343416,0.015680173,-0.04855763,0.17648327,-0.2519383,-0.24931309,0.12110642,0.09630879,-0.15367405,0.27448833,0.108079776,-0.21726274,0.09213017,-0.19708888,-0.105070144,0.35692275,-0.025727605,-0.08438833,-0.11982702,-0.29404214,0.23693438,-0.1585458,-0.17123792,-0.17946415,-0.24651933
https://example.org/bda/health-risk/aggregate-measurement/heart-disease-health-indicators/age-1/gender-female/high-cholesterol,0.08309604,-0.11215818,-0.07787089,-0.25158364,0.11431664,-0.26103002,-0.1711431,0.17507781,0.051034514,0.08212888,0.1943416,-0.21270245,-0.2359127,0.0044253636,0.12551278,-0.12271384,0.14464639,0.23674446,-0.17356877,0.18439667,-0.13961011,-0.09024561,0.3280303,-0.092176914,-0.11219995,-0.14465383,-0.28174588,0.22412845,-0.20918861,-0.18166967,-0.23722656,-0.10079926
https://example.org/bda/health-risk/aggregate-measurement/heart-disease-health-indicators/age-1/gender-female/mental-unhealthy-days,-0.2068213,-0.14790782,-0.1259277,-0.22152343,0.12881398,-0.151825,0.36413223,0.13586776,0.122237444,-0.2048052,0.1294754,-0.1065484,0.005794985,-0.0247042,0.10737477,-0.18447046,0.06544037,0.2982576,-0.056470934,0.2695831,-0.21650371,-0.058819205,0.30338907,-0.07208408,-0.13298455,-0.19824496,-0.21689811,0.20190252,0.007818928,-0.20273447,-0.20730183,-0.05389715
https://example.org/bda/health-risk/aggregate-measurement/heart-disease-health-indicators/age-1/gender-female/physical-activity,0.090997584,-0.25542474,-0.1562206,-0.21382467,0.15620054,-0.13455844,0.015116265,0.24608797,0.016568169,0.075382724,0.0889608,-0.19314764,-0.23751272,0.023069067,-0.23024036,-0.109987944,0.07814551,0.22166999,-0.20659156,0.1608923,-0.121101506,-0.22025543,0.29508305,-0.11707846,-0.12186096,-0.21239957,-0.16457374,-0.041400347,-0.15996969,-0.2977345,-0.2984036,-0.0040734685
https://example.org/bda/health-risk/aggregate-measurement/heart-disease-health-indicators/age-1/gender-female/physical-unhealthy-days,-0.20114642,-0.13958313,-0.08803578,-0.25554743,0.115953736,-0.20448656,0.113953866,0.19235854,0.33057958,0.14859243,0.14533585,-0.10094751,-0.24771005,-0.21498251,0.10307532,-0.13815992,0.19130746,0.20228815,-0.14863086,0.16109195,-0.21786322,-0.101772614,0.27349445,0.01731417,-0.05287696,-0.13607891,-0.19247346,0.12104087,-0.18249364,-0.17393096,-0.20324521,-0.15947366
https://example.org/bda/health-risk/aggregate-measurement/heart-disease-health-indicators/age-1/gender-female/smoking,-0.2206751,-0.09134113,-0.124080144,-0.24760993,0.070390224,-0.16781436,0.16839327,0.19088086,0.23669013,0.16300751,0.14292096,-0.072157666,-0.25072488,0.25074208,-0.099250495,-0.19417422,0.19397578,0.07465067,-0.18855935,0.1645073,-0.21752423,-0.18907739,0.29769257,0.05631507,-0.0660295,-0.16841039,-0.122882575,-0.077066824,-0.25836962,-0.03359843,-0.26025805,-0.12951317
https://example.org/bda/health-risk/aggregate-measurement/heart-disease-health-indicators/age-1/gender-male/age-years,0.23770556,-0.122521035,-0.13764574,0.2740656,0.15146637,0.19634247,-0.13761275,0.11347039,-0.37321788,-0.18265413,0.13704869,-0.15801941,-0.21422039,0.22769274,-0.034726083,0.14806454,0.13966279,0.12581468,-0.18282932,0.20600468,-0.16685422,-0.11383664,0.22507998,-0.28834882,-0.05744932,-0.0318891,-0.07271363,0.014016767,-0.16262208,0.06886081,0.19561645,-0.19695684
https://example.org/bda/health-risk/aggregate-measurement/heart-disease-health-indicators/age-1/gender-male/body-mass-index,0.112678066,-0.13979176,-0.14101388,0.20901442,0.08254422,0.23005018,0.20354591,0.15118477,-0.07801317,0.15877098,0.18354939,-0.21752627,-0.13422254,-0.2084474,0.13615987,0.16285734,0.21107486,0.21779832,-0.15714242,0.16300419,-0.20314008,-0.13800058,0.25613675,-0.258534,-0.06787013,-0.09601636,-0.23166348,0.27290264,-0.15376921,0.027983243,0.15779014,-0.18447575
https://example.org/bda/health-risk/aggregate-measurement/heart-disease-health-indicators/age-1/gender-male/difficulty-walking,0.15812027,-0.08634396,-0.16341205,0.25573477,0.14557274,0.05499095,-0.20537454,0.22688377,-0.38942572,-0.15392381,0.11144126,-0.14746948,-0.26048505,-0.0599519,0.07970852,0.09666204,0.20398326,-0.0046472307,-0.20953491,0.16400652,-0.18729939,-0.0858328,0.18175878,-0.15690283,-0.04176148,-0.015024074,-0.1841048,0.18290299,-0.3474236,0.10130119,0.09931611,-0.1955253
https://example.org/bda/health-risk/aggregate-measurement/heart-disease-health-indicators/age-1/gender-male/general-health-score,-0.081200235,-0.04787467,-0.09537224,0.34902892,0.18707548,0.28246123,-0.028945623,0.06324201,-0.2641117,0.024210801,0.18633269,-0.18531828,-0.10798343,-0.10866507,0.1417842,0.18456668,0.20347328,-0.052137993,-0.18205266,0.10904677,-0.18110925,-0.11903953,0.347465,-0.16649276,-0.080374874,0.008016529,-0.22493823,0.21679823,-0.23223874,0.06721226,0.06768087,-0.2679653
https://example.org/bda/health-risk/aggregate-measurement/heart-disease-health-indicators/age-1/gender-male/heavy-alcohol,-0.117278665,-0.12620898,-0.15613405,0.3330186,0.17487963,0.06578574,-0.11920228,0.18385103,-0.40238783,0.16207884,0.20421645,-0.19355485,-0.1423817,-0.079947874,0.10818382,0.1588222,0.23925072,0.03057458,-0.2063381,0.21451488,-0.23567599,-0.031924013,0.23710263,-0.143886,-0.05742478,0.021770446,-0.20164791,0.13312994,-0.21696214,0.1339357,0.10199056,-0.057875793
https://example.org/bda/health-risk/aggregate-measurement/heart-disease-health-indicators/age-1/gender-male/high-blood-pressure,0.16205609,-0.11028778,-0.122916825,0.2604882,0.22565733,0.04290694,0.21589708,0.15371156,-0.35775954,-0.11721454,0.15592,-0.18427889,-0.267368,0.16329437,0.101554714,0.15183061,0.21269205,0.023809638,-0.16007045,0.19054008,-0.1659356,-0.010582405,0.25540906,-0.21517354,-0.0529476,0.008466124,-0.14722727,0.08426861,-0.22413471,0.14452608,0.18915983,-0.19652626
https://example.org/bda/health-risk/aggregate-measurement/heart-disease-health-indicators/age-1/gender-male/high-cholesterol,0.2779499,-0.13858186,-0.17913474,0.3254421,0.14154021,0.14762743,-0.19304523,0.14658998,-0.24713029,0.10443493,0.18859714,-0.26298445,-0.20559472,-0.12745395,0.07897388,0.19129235,0.14945851,0.13396724,-0.19047649,0.21097857,-0.12313913,-0.057034366,0.20958258,-0.23008339,-0.12364989,-0.07229112,-0.21823676,0.057968978,-0.21633133,0.057366963,0.16956104,0.014124682
https://example.org/bda/health-risk/aggregate-measurement/heart-disease-health-indicators/age-1/gender-male/mental-unhealthy-days,-0.1532547,-0.11105086,-0.047642287,0.24520105,0.10153416,0.10390865,0.01361686,0.064131856,-0.25608942,-0.042734064,0.21610999,-0.16492295,-0.1854358,-0.102186054,0.15305403,0.18042754,0.21606518,0.28095224,-0.18139276,0.11520988,-0.23459485,-0.029896803,0.30452794,-0.19331916,-0.097901605,-0.052122977,-0.28901,0.31816256,-0.15752654,0.08294894,0.18025695,-0.123236746
https://example.org/bda/health-risk/aggregate-measurement/heart-disease-health-indicators/age-1/gender-male/physical-activity,-0.23294003,-0.1626153,-0.10525513,0.29358444,0.12919879,0.10178089,-0.13354208,0.12871931,-0.11527017,0.28950205,0.115641735,-0.21468484,-0.13126753,0.107032344,0.12329004,0.29068136,0.24163856,0.043500297,-0.1563493,0.21390453,-0.23976725,-0.14486447,0.26555532,-0.23242156,-0.06877196,-0.047594782,-0.16907725,0.114973806,-0.15542729,0.019172654,0.20940514,-0.15796992
https://example.org/bda/health-risk/aggregate-measurement/heart-disease-health-indicators/age-1/gender-male/physical-unhealthy-days,-0.13777646,-0.20213877,-0.18031481,0.14812344,0.18284252,0.07199409,0.34085524,0.14550067,-0.337713,0.17775026,0.04560722,-0.14674321,-0.12005353,-0.22243841,0.008390967,0.16056022,0.20917392,0.08592607,-0.056581475,0.2018716,-0.26308927,-0.1590801,0.34615472,-0.18052751,-0.03144207,-0.037641987,-0.18532951,0.16468437,-0.15101118,0.001909813,0.06339611,-0.13419682
https://example.org/bda/health-risk/aggregate-measurement/heart-disease-health-indicators/age-1/gender-male/smoking,-0.19871572,-0.14919499,-0.13066612,0.37042636,0.15292433,0.14210667,0.15788846,0.13791093,-0.30307287,0.1214655,0.1736141,-0.2857278,-0.18702552,0.15647522,0.1041828,0.15723833,0.17510207,-0.0033647488,-0.18710583,0.17977276,-0.12819186,-0.096475214,0.2258015,-0.21178319,-0.10039815,-0.056388408,-0.15040532,0.13144417,-0.2320194,0.18508866,0.09101785,-0.11786907
https://example.org/bda/health-risk/aggregate-measurement/heart-disease-health-indicators/age-10/gender-female/age-years,0.08600911,-0.13177796,0.071461484,0.1823949,-0.026272288,-0.19800863,-0.31117344,0.08451665,-0.09952228,-0.14997214,0.18765344,0.14036089,-0.11369466,0.2569348,0.08884123,-0.084443346,0.16809967,0.04812949,-0.13098952,0.13429178,-0.21487106,-0.120216645,0.34893292,0.1782469,0.11803111,-0.06646713,-0.215163,0.3542867,-0.09438181,-0.21998963,0.19271283,-0.2172481
https://example.org/bda/health-risk/aggregate-measurement/heart-disease-health-indicators/age-10/gender-female/body-mass-index,0.15489331,-0.0479375,-0.056429647,0.120956555,-0.037494067,-0.228976,0.17020302,0.09697063,-0.006215721,0.07532633,0.1903419,0.14446695,-0.1375738,-0.2144331,0.16665949,-0.059719168,0.21734485,0.15357752,-0.09606936,0.18658477,-0.26022866,-0.15023156,0.29767638,0.07663102,0.08088991,-0.03465143,-0.31895345,0.4002923,-0.17514002,-0.2598988,0.07201907,-0.17851168
https://example.org/bda/health-risk/aggregate-measurement/heart-disease-health-indicators/age-10/gender-female/difficulty-walking,0.07819774,-0.09065416,0.02214079,0.16666855,-0.110414565,-0.24081111,-0.0926262,0.08547893,-0.23045881,-0.22654805,0.11641818,0.2146821,-0.08640514,-0.06963607,0.019207012,-0.20899928,0.20839119,0.022905717,-0.1687475,0.2360219,-0.12341428,-0.16521633,0.17905359,0.29593706,0.20029677,-0.16456509,-0.20766893,0.24299069,-0.28353965,-0.2329459,0.14344725,-0.18968955
https://example.org/bda/health-risk/aggregate-measurement/heart-disease-health-indicators/age-10/gender-female/general-health-score,-0.18302412,-0.12108847,-0.062989414,0.1724099,-0.058621723,-0.20111251,-0.19707657,0.1242564,-0.0430192,0.054632805,0.11515498,0.14029151,-0.10164688,-0.33787528,0.041884102,-0.11040941,0.15825933,0.098805994,-0.18463197,0.28547645,-0.19927217,-0.17032288,0.2278612,0.21460211,0.15133093,-0.108706966,-0.14799586,0.20217992,-0.30449158,-0.24558617,0.10808112,-0.25392103
https://example.org/bda/health-risk/aggregate-measurement/heart-disease-health-indicators/age-10/gender-female/heavy-alcohol,-0.08591912,-0.162414,-0.038494166,0.17468035,-0.102028385,-0.17072988,0.28592795,0.12253173,-0.124082714,-0.03159057,0.09474356,0.19589193,-0.12891966,0.10669629,0.07031933,-0.11840884,0.21183406,0.13975039,-0.12757973,0.30325168,-0.21609081,-0.14953086,0.2596902,0.22944368,0.16279319,-0.18678468,-0.20602527,0.28872845,-0.17141107,-0.2278951,0.23588902,-0.035506003
https://example.org/bda/health-risk/aggregate-measurement/heart-disease-health-indicators/age-10/gender-female/high-blood-pressure,0.22268955,-0.062834054,0.00044534827,-0.027930534,-0.02872922,-0.34010285,0.18336509,0.2645813,-0.09464528,-0.1866597,0.07009636,0.20263384,0.22475198,0.37263918,0.14921422,-0.08782873,0.041526787,0.06740208,0.07167702,0.2600801,-0.0006470596,-0.137439,0.260122,0.25239727,0.20242089,-0.12600623,-0.12182906,0.2089635,0.13623956,-0.12931988,0.18064702,-0.062058676
https://example.org/bda/health-risk/aggregate-measurement/heart-disease-health-indicators/age-10/gender-female/high-cholesterol,0.15416683,-0.082886435,-0.039586842,0.13689047,-0.06290821,-0.25542584,-0.10579381,0.16881552,-0.19514519,0.095963545,0.15119697,0.10038858,-0.13330679,-0.13149138,0.18811923,-0.07182395,0.116986424,0.1718114,-0.102459304,0.19446304,-0.14065865,-0.13493931,0.34213144,0.15397994,0.11430797,-0.10628577,-0.28449938,0.4068867,-0.22011313,-0.17164558,0.2404252,-0.08646548
https://example.org/bda/health-risk/aggregate-measurement/heart-disease-health-indicators/age-10/gender-female/mental-unhealthy-days,-0.12153027,-0.26365525,-0.000109308705,0.075814046,-0.10263116,-0.24886975,0.2703046,0.10343916,0.19937734,-0.23149985,0.12519781,-0.009727399,-0.02778392,-0.04455832,0.060495526,-0.009934726,0.19096282,0.18669295,-0.119439386,0.08920461,-0.15736492,-0.22077829,0.33998314,0.12464564,0.09669229,-0.12788463,-0.2656285,0.36169046,-0.21743277,-0.07409704,0.23568574,-0.06732644
https://example.org/bda/health-risk/aggregate-measurement/heart-disease-health-indicators/age-10/gender-female/physical-activity,-0.07190196,-0.15078546,-0.012028265,0.029897386,-0.027338754,-0.3527667,-0.14858171,0.12938827,0.21697533,0.14220789,0.11453759,0.21652661,-0.08649962,0.28595358,0.0663189,-0.03249065,0.2381475,0.06692559,-0.175468,0.1392287,-0.25568563,-0.13684572,0.33552036,0.2189952,0.070250876,-0.1026825,-0.17204127,0.27207538,-0.15284592,-0.12885134,0.12537149,-0.23291646
https://example.org/bda/health-risk/aggregate-measurement/heart-disease-health-indicators/age-10/gender-female/physical-unhealthy-days,-0.17478198,-0.10632909,-0.021907296,0.12584637,-0.07609429,-0.16967519,0.35944745,0.07747933,-0.04125372,0.089575835,0.14314789,0.18810332,-0.12834089,-0.16707398,0.077026315,-0.0988912,0.18229717,0.19990282,-0.14550598,0.26195505,-0.19111815,-0.14160609,0.23939075,0.24785264,0.10629349,-0.13244617,-0.22924761,0.19316913,-0.209424,-0.27188146,0.13402678,-0.23149909
https://example.org/bda/health-risk/aggregate-measurement/heart-disease-health-indicators/age-10/gender-female/smoking,-0.3318449,-0.10691697,-0.076164775,0.10085921,-0.062394697,-0.21196891,0.16303484,0.080488674,0.053073622,0.10087175,0.19524626,0.19287564,-0.1500177,0.30429685,0.14036207,-0.10136431,0.22058731,0.2344102,-0.15248899,0.15703012,-0.21345706,-0.09087241,0.22910048,0.21103211,0.11293867,-0.11583555,-0.18228342,0.19073048,-0.24203883,-0.19394521,0.11838051,-0.19709797
https://example.org/bda/health-risk/aggregate-measurement/heart-disease-health-indicators/age-10/gender-male/age-years,0.07563643,0.07660124,-0.11807306,0.117617905,-0.085718736,-0.100291066,-0.34192345,0.093719766,-0.05091436,-0.19062561,0.18571971,0.05676079,-0.099625506,0.3130119,-0.015692968,-0.13723275,0.04797632,-0.23163055,-0.039994787,0.29193735,-0.13418539,0.15041634,0.3083043,0.32383958,0.07498299,0.15007189,-0.24832344,0.10289457,-0.22074941,-0.17221193,0.15080531,-0.17043807
https://example.org/bda/health-risk/aggregate-measurement/heart-disease-health-indicators/age-10/gender-male/body-mass-index,-0.00092344347,0.120934166,-0.1637081,0.21127704,-0.2810687,-0.15264726,-0.16563343,-0.04513614,0.041254777,-0.051648807,0.13388744,0.00091826357,-0.1404087,0.0130334105,-0.20630392,-0.25512445,-0.0846977,-0.13132067,0.028709034,0.086261064,0.094984934,0.41455272,0.24794021,0.23429431,0.1755945,0.2333393,-0.21760926,0.20088434,-0.17437,-0.24058455,0.17127672,-0.10860013
https://example.org/bda/health-risk/aggregate-measurement/heart-disease-health-indicators/age-10/gender-male/difficulty-walking,0.048085388,0.12963441,-0.14548466,0.08924576,-0.098093815,-0.12517264,0.06596272,0.19975342,-0.18249103,-0.15680525,0.04668095,0.15143242,0.1758677,0.1697816,0.019381208,-0.14345299,0.065334044,-0.280225,0.12993075,0.23287751,0.004921513,0.09321916,0.41535944,0.23576559,0.078342274,0.19300085,-0.21542186,0.27633578,-0.031338044,-0.2958381,0.26973715,-0.018730965
https://example.org/bda/health-risk/aggregate-measurement/heart-disease-health-indicators/age-10/gender-male/general-health-score,-0.2159101,0.16744302,-0.17825627,0.11493098,-0.0705539,-0.12475272,-0.21551806,0.12557282,-0.30918884,0.1437354,0.1399477,0.03386991,0.06816731,-0.22246972,0.1766065,-0.017213138,0.041695137,-0.19699813,0.026836848,0.2508249,-0.025146754,0.12613691,0.35922834,0.15373841,0.13314022,0.11856915,-0.19396576,0.26583594,-0.20142518,-0.21660097,0.20298354,-0.18115559
https://example.org/bda/health-risk/aggregate-measurement/heart-disease-health-indicators/age-10/gender-male/heavy-alcohol,-0.25823,0.07461761,-0.1315481,0.10847254,-0.054926906,-0.27024484,-0.15063088,0.13646778,-0.23121184,0.17422022,0.17183585,0.16666211,-0.058157854,-0.16494264,0.18617465,-0.052169155,0.16503708,-0.18264227,-0.06438841,0.2133393,-0.19696864,0.1141553,0.29264858,0.15518822,0.114745505,0.109522276,-0.21775037,0.22824693,-0.22257434,-0.23025572,0.26558346,-0.051525302
https://example.org/bda/health-risk/aggregate-measurement/heart-disease-health-indicators/age-10/gender-male/high-blood-pressure,0.1808426,0.14012757,-0.12598401,0.20803198,-0.120303385,-0.23416308,0.14539924,0.1668465,-0.3605133,-0.16651452,0.12225224,0.2681886,-0.054998726,0.22623274,0.15387395,-0.05434311,0.12494214,-0.2139699,-0.03096232,0.23513633,-0.046834867,0.116880864,0.2315921,0.2688042,0.10734167,0.08575878,-0.19124599,0.22306864,-0.13899337,-0.16147782,0.17181653,-0.07286658
https://example.org/bda/health-risk/aggregate-measurement/heart-disease-health-indicators/age-10/gender-male/high-cholesterol,0.24711943,0.13661799,-0.13911752,0.1562794,-0.080108546,-0.118727915,-0.24442357,0.19437115,-0.1811955,0.19038096,0.18125819,0.09044174,-0.16106275,-0.07882797,0.06573578,-0.1342705,0.10927451,-0.12411206,-0.096983165,0.1873927,-0.09816244,0.15006255,0.26205215,0.18317816,0.06832651,0.13749996,-0.23902704,0.25348023,-0.31227082,-0.2918358,0.21832813,-0.11082487
https://example.org/bda/health-risk/aggregate-measurement/heart-disease-health-indicators/age-10/gender-male/mental-unhealthy-days,-0.14443184,0.08204598,-0.12406994,0.15920736,-0.066426285,-0.27404767,0.045965623,0.1499794,-0.30545247,-0.17077972,0.17303649,0.21181618,-0.081454776,-0.09254107,0.13646038,-0.07686239,0.1522669,-0.25695312,-0.06008944,0.23733245,-0.15612513,0.13201378,0.2891348,0.20004831,0.06885115,0.063967675,-0.20063418,0.23314948,-0.21205764,-0.22613916,0.25215372,-0.113318816
https://example.org/bda/health-risk/aggregate-measurement/heart-disease-health-indicators/age-10/gender-male/physical-activity,-0.30444536,0.09022876,-0.1818762,-0.06257106,-0.14398575,-0.03592325,-0.2008054,0.14403206,-0.16674247,0.18329036,0.111127555,0.006094385,-0.18421035,0.16768903,0.13592021,-0.03827513,0.15814851,-0.06298858,-0.047313202,0.21362725,-0.16280775,0.12900157,0.23098038,0.2940881,0.16266815,0.041857354,-0.15322906,0.22428735,-0.19253232,-0.39163494,0.19369541,-0.18305038
https://example.org/bda/health-risk/aggregate-measurement/heart-disease-health-indicators/age-10/gender-male/physical-unhealthy-days,-0.17845969,0.059390474,-0.06959636,0.1249072,-0.11928697,-0.025054522,0.42923817,0.11921635,-0.23393889,0.10268913,0.11776404,0.262666,0.060310658,-0.11443681,0.07787669,-0.061968982,0.13684133,-0.13194335,0.07675859,0.18853323,-0.14344653,0.12384189,0.28277838,0.3150335,0.13688639,0.060885407,-0.16944388,0.1746072,-0.09999609,-0.3124696,0.20961908,-0.17371514
https://example.org/bda/health-risk/aggregate-measurement/heart-disease-health-indicators/age-10/gender-male/smoking,-0.27469274,0.08521317,-0.11262198,0.10099233,0.00078144524,-0.0432582,0.2308172,0.15688008,-0.20584162,0.19207853,0.13984188,0.13940735,-0.33171585,0.080437265,-0.008825409,-0.088616,0.184641,-0.17326957,-0.12600726,0.10142431,-0.18790838,0.015166754,0.24485326,0.11533404,0.09577532,0.16441956,-0.19159321,0.17425957,-0.41807148,-0.22054383,0.17406741,-0.12597743
https://example.org/bda/health-risk/aggregate-measurement/heart-disease-health-indicators/age-11/gender-female/age-years,0.377892,-0.029063428,-0.110227495,0.18343957,0.1412996,0.23636913,-0.17956263,0.1082418,0.26146913,-0.124907084,0.14865257,-0.13346748,0.059071824,0.32044497,0.0030847224,0.14142898,0.03277987,0.07357546,-0.05272211,-0.18486772,-0.14046626,-0.12306288,0.24225976,-0.21011534,-0.118649825,0.21197051,-0.08907533,0.25496924,0.11321684,0.19800022,-0.24568345,-0.12328852
https://example.org/bda/health-risk/aggregate-measurement/heart-disease-health-indicators/age-11/gender-female/body-mass-index,0.24952187,-0.14085293,-0.09593011,0.23504563,0.109634034,0.2110592,0.22010401,0.07704617,0.1488778,0.14124505,0.15728928,-0.19712557,-0.19777963,-0.19960251,0.10027203,0.13779598,0.18385594,0.15709679,-0.16750173,-0.06362286,-0.22760417,-0.14704515,0.2246848,-0.21199994,-0.12254487,0.121836156,-0.24436891,0.21182726,-0.13651647,0.088116534,-0.28230342,-0.16971834
https://example.org/bda/health-risk/aggregate-measurement/heart-disease-health-indicators/age-11/gender-female/difficulty-walking,0.08287951,-0.00667155,-0.13451168,0.15235603,0.287021,0.039211005,0.011469062,0.14614695,0.12156711,0.051013753,0.18205078,-0.28554523,-0.26108137,0.0104580475,-0.256149,0.15868723,0.167373,0.1076187,-0.1824231,-0.28142968,-0.23978685,0.062821954,0.22980554,-0.19509593,-0.05157668,0.20554559,-0.18203786,0.15161966,-0.27310893,0.1281191,-0.24069875,-0.029618165
https://example.org/bda/health-risk/aggregate-measurement/heart-disease-health-indicators/age-11/gender-female/general-health-score,-0.07213158,-0.1550892,-0.15190883,0.12887542,0.15523624,0.24950266,-0.14931783,0.19333507,0.08766416,0.14837177,0.18919289,-0.20807317,-0.10569586,-0.22799885,0.0708743,0.1114885,0.16236311,0.17256221,-0.13474093,-0.1432712,-0.15783828,-0.16885562,0.24649648,-0.19816886,-0.07273088,0.21422906,-0.15858643,0.21349777,-0.17382115,0.21036832,-0.30759415,-0.23741132
https://example.org/bda/health-risk/aggregate-measurement/heart-disease-health-indicators/age-11/gender-female/heavy-alcohol,-0.23101465,-0.21392292,-0.079784766,0.08970592,0.13698968,0.28619263,-0.25128198,0.117718115,0.44993627,0.17887978,0.09347331,-0.19306163,0.15776052,-0.12619478,0.18030071,0.12452051,0.0692229,0.19218175,0.00044594682,-0.14668065,-0.13536933,-0.051081665,0.19280031,-0.11846484,-0.10806974,0.1934751,-0.08279415,0.27116358,0.051195133,0.11288957,-0.18859506,0.1539339
https://example.org/bda/health-risk/aggregate-measurement/heart-disease-health-indicators/age-11/gender-female/high-blood-pressure,0.21134537,-0.21353528,-0.09612254,0.11467247,0.101650424,0.2852468,0.08390016,0.073427916,0.25679302,-0.102677226,0.1863238,-0.14911465,-0.18580064,0.10261878,0.16903763,0.20865357,0.20298055,0.25054997,-0.1571922,-0.1296808,-0.18569772,-0.12886946,0.2125626,-0.15223086,-0.119327985,0.13328953,-0.16664112,0.2530552,-0.23817274,0.15648761,-0.15729734,-0.19467394
https://example.org/bda/health-risk/aggregate-measurement/heart-disease-health-indicators/age-11/gender-female/high-cholesterol,0.13902451,-0.16768649,-0.14940779,0.0628951,0.1610915,0.29562664,0.016204206,0.20803927,-0.07829248,0.039361574,0.11381873,-0.05724429,-0.10231204,0.068177745,0.07146839,0.27356684,0.14135079,-0.056316707,-0.19052427,-0.31905848,-0.16617252,0.013663078,0.32832414,-0.114653036,0.033287443,0.22474217,-0.18234023,0.31378308,-0.09269914,0.29802948,-0.21100146,-0.123128034
https://example.org/bda/health-risk/aggregate-measurement/heart-disease-health-indicators/age-11/gender-female/mental-unhealthy-days,0.19170383,-0.039868347,-0.12085261,0.18571281,0.09160452,0.25044614,0.16944669,0.008092116,0.18373229,0.06742526,0.18819217,-0.12494208,-0.13127564,0.05238417,0.17354113,0.1861291,0.21503934,0.3051327,-0.14791964,-0.10669517,-0.2308272,-0.077208534,0.2814663,-0.15465525,-0.094706334,0.10141512,-0.21470919,0.3364769,-0.15654255,0.14860937,-0.20419277,-0.19171035
https://example.org/bda/health-risk/aggregate-measurement/heart-disease-health-indicators/age-11/gender-female/physical-activity,-0.16984312,-0.121835716,-0.08749798,0.18507913,0.084827244,0.23223092,-0.15874094,0.12244351,0.22324723,0.23786762,0.16609569,-0.21772704,-0.18349177,0.16336021,0.13403222,0.21025617,0.20468217,0.12363364,-0.12623453,-0.15336365,-0.21946903,-0.015584346,0.23135012,-0.107043475,-0.09954596,0.18588477,-0.19122958,0.19180645,-0.15068428,0.1924979,-0.23694295,-0.2557137
https://example.org/bda/health-risk/aggregate-measurement/heart-disease-health-indicators/age-11/gender-female/physical-unhealthy-days,-0.27109584,-0.07630939,-0.027589245,0.21072082,0.115587875,0.13606568,0.31190598,0.11938521,0.07991633,0.1766088,0.14665699,-0.12289683,-0.17713232,-0.28460732,0.100993104,0.067333356,0.19501953,0.1444573,-0.17821549,0.119353436,-0.24088015,-0.098822005,0.2031829,-0.0949469,-0.035371557,0.18977824,-0.13131332,0.1204873,-0.18326479,0.0738853,-0.4255239,-0.13663991
https://example.org/bda/health-risk/aggregate-measurement/heart-disease-health-indicators/age-11/gender-female/smoking,-0.18733902,-0.12324722,-0.09683228,0.15806709,0.11285807,0.27016735,0.12812902,0.10781031,0.22106557,0.123702,0.14426069,-0.14247109,-0.15807894,0.11633188,0.10789555,0.18155776,0.20029902,0.16064157,-0.13090363,-0.16741009,-0.22372195,-0.14214233,0.3138767,-0.1769718,-0.097728424,0.14721197,-0.22230896,0.27610138,-0.19937594,0.20826422,-0.2161058,-0.12366935
https://example.org/bda/health-risk/aggregate-measurement/heart-disease-health-indicators/age-11/gender-male/age-years,0.02854594,-0.09571337,-0.096222796,-0.17859311,-0.0214762,0.3098136,-0.2052614,0.17683086,0.073527515,-0.1915484,0.12359581,-0.2061496,-0.15583836,0.20122196,-0.038880058,-0.205113,0.14208348,-0.3705935,-0.096991606,0.16175117,-0.22397189,-0.15868129,0.2344355,0.20218106,-0.10989881,-0.050829306,-0.16156189,0.1540361,-0.050979532,0.1894398,-0.26441312,-0.18336669
https://example.org/bda/health-risk/aggregate-measurement/heart-disease-health-indicators/age-11/gender-male/body-mass-index,0.1068987,-0.055291153,-0.19840966,-0.20051675,-0.04185454,0.18318264,0.2255655,0.2425677,-0.057719316,0.12091497,0.09819453,-0.21539274,-0.26679745,-0.103915766,0.02547074,-0.18370354,0.22094655,-0.15697572,-0.117695,0.16332059,-0.249195,-0.15861756,0.22341748,0.20697016,-0.046778608,-0.15388095,-0.15711603,0.20489956,-0.1398614,0.33933392,-0.14976671,-0.16395952
https://example.org/bda/health-risk/aggregate-measurement/heart-disease-health-indicators/age-11/gender-male/difficulty-walking,0.28625843,-0.059964914,-0.062837586,-0.13964723,-0.0696778,0.1999315,-0.025054561,0.1495284,0.12644815,-0.1025466,0.15508288,-0.051320028,-0.17296936,-0.0614696,-0.085935816,-0.13197179,0.10614366,-0.21201622,-0.21311618,0.20449008,-0.11155753,-0.1530122,0.46359766,0.28680104,-0.13363968,-0.093119405,-0.16356407,0.25086784,-0.1339011,0.14761595,-0.26039523,-0.10619187
https://example.org/bda/health-risk/aggregate-measurement/heart-disease-health-indicators/age-11/gender-male/general-health-score,-0.3213108,-0.11359441,-0.09778493,-0.14511539,-0.04997722,0.19687821,-0.038787246,0.27708954,0.056782663,0.134487,0.09929953,-0.264134,-0.16897777,-0.111785896,0.028061938,-0.19450116,0.09577433,-0.26281205,-0.106610395,0.18508165,-0.109187335,-0.18125483,0.226051,0.22926746,-0.11062678,-0.13274789,-0.14319624,0.21847716,-0.22872749,0.24133019,-0.19099432,-0.18881918
https://example.org/bda/health-risk/aggregate-measurement/heart-disease-health-indicators/age-11/gender-male/heavy-alcohol,-0.23425393,-0.027918914,-0.08922258,-0.11078109,-0.08004069,0.1672728,0.0009601737,0.03949318,-0.014967335,0.024582215,0.18100503,-0.047243454,-0.19605058,-0.022090444,0.08209743,-0.03883475,0.14925928,-0.12887846,-0.1830109,0.16993661,-0.21921268,-0.11350789,0.3646865,0.18551245,-0.020242233,-0.20206393,-0.25627127,0.3999891,-0.3657423,0.13079324,-0.22919798,-0.07245422
https://example.org/bda/health-risk/aggregate-measurement/heart-disease-health-indicators/age-11/gender-male/high-blood-pressure,-0.22923127,-0.073165596,-0.04859162,-0.24271931,-0.05595745,0.14931706,-0.047127813,0.10712772,-0.020567209,-0.14515556,0.063037746,-0.14929505,-0.27199444,0.0076985443,-0.016633892,-0.21733609,0.09231544,-0.31138107,-0.18469,0.1873179,-0.15487228,-0.1764525,0.29672942,0.2512809,-0.096926674,-0.17422763,-0.20288697,0.22517745,-0.23311919,0.20893268,-0.231568,-0.09035836
https://example.org/bda/health-risk/aggregate-measurement/heart-disease-health-indicators/age-11/gender-male/high-cholesterol,0.19243795,-0.036372647,-0.09106753,-0.2060504,-0.06144122,0.22225384,-0.23869435,0.2246337,0.033904105,0.090247594,0.17451316,-0.18196563,0.13458185,-0.19092928,0.20231456,-0.22904795,0.07676458,-0.25932163,0.069721736,0.13908513,-0.068327464,-0.17834775,0.20427534,0.21585213,-0.078373544,-0.104973964,-0.18232958,0.35173228,0.08876554,0.19661582,-0.28688502,0.066042095
https://example.org/bda/health-risk/aggregate-measurement/heart-disease-health-indicators/age-11/gender-male/mental-unhealthy-days,-0.09662665,-0.15005271,-0.1245715,-0.20087662,-0.07539718,0.15969734,0.118214145,0.28872257,-0.04894178,-0.11104363,0.13127151,-0.1569299,-0.09455219,-0.06257051,0.0331392,-0.22871867,0.1093758,-0.11015298,-0.11585491,0.28228876,-0.16616769,-0.32184014,0.28845465,0.24408114,-0.07886007,-0.17595279,-0.18414028,0.27089164,-0.18167995,0.18156633,-0.2310768,-0.07671315
https://example.org/bda/health-risk/aggregate-measurement/heart-disease-health-indicators/age-11/gender-male/physical-activity,-0.14016557,-0.0633736,-0.1414719,-0.14104916,-0.10532162,0.24029347,-0.20669447,0.19316843,0.14716753,0.100143835,0.048360158,-0.1409357,-0.08829135,0.37044165,-0.06092053,-0.036397062,-0.051488057,-0.3487625,-0.13903971,0.24882132,-0.11268075,-0.16140601,0.31546265,0.24606653,-0.041071113,-0.060246553,-0.05005889,0.19345394,0.04858992,0.21542059,-0.20702474,-0.20589606
https://example.org/bda/health-risk/aggregate-measurement/heart-disease-health-indicators/age-11/gender-male/physical-unhealthy-days,-0.12643453,-0.03153506,-0.072732046,-0.21417259,-0.08205931,0.1163478,0.2817888,0.16338071,-0.09633778,0.15616766,0.13136432,-0.14942479,-0.21797873,-0.1494681,0.028467381,-0.12184011,0.16785277,-0.19602792,-0.19539481,0.18670255,-0.19591458,-0.21514949,0.2739311,0.21251982,-0.03573181,-0.19349763,-0.17565796,0.25715366,-0.21864769,0.13057566,-0.25182226,-0.19555134
https://example.org/bda/health-risk/aggregate-measurement/heart-disease-health-indicators/age-11/gender-male/smoking,-0.2934359,-0.09652591,-0.08070586,-0.14340314,-0.08894381,0.043296,0.27790648,0.14171475,0.15584154,0.0949483,0.09458479,-0.17063451,-0.26089594,0.27674434,0.023465775,-0.12184223,0.19821468,-0.22038186,-0.15042317,0.16408698,-0.24067746,-0.14697066,0.21989799,0.18882054,-0.06763189,-0.15828632,-0.22145532,0.15342915,-0.24821293,0.19156343,-0.13991839,-0.13396586
https://example.org/bda/health-risk/aggregate-measurement/heart-disease-health-indicators/age-12/gender-female/age-years,-0.0036676521,0.17586645,-0.10420392,0.22159463,-0.03232165,0.14473365,-0.28723097,-0.1269047,-0.14671382,-0.124862514,0.22845487,0.2155122,-0.2586587,0.122596815,0.07033748,-0.16944341,0.1403269,0.0014293304,-0.22201341,0.1674256,-0.16435124,-0.13462073,0.36126843,0.13383406,-0.06299703,-0.12765215,-0.23751758,0.1328544,-0.2350055,0.1500666,-0.12788036,-0.24113372
https://example.org/bda/health-risk/aggregate-measurement/heart-disease-health-indicators/age-12/gender-female/body-mass-index,0.16835116,0.1298657,-0.16156915,0.12257922,-0.1251755,0.109534554,0.24623819,-0.11201003,0.124141224,0.1366122,0.17003585,0.21292894,-0.2119538,-0.24451865,0.12918693,-0.115188256,0.14319575,-0.2842434,-0.15661898,0.28269735,-0.15647687,-0.16850084,0.18774223,0.18099529,-0.042750984,-0.1624989,-0.1672594,0.17373297,-0.0926992,0.26636693,-0.17315322,-0.21741822
https://example.org/bda/health-risk/aggregate-measurement/heart-disease-health-indicators/age-12/gender-female/difficulty-walking,0.18503593,0.15483594,-0.14737745,0.21566139,-0.11393724,0.08568259,-0.20997559,-0.11657887,0.04981935,-0.14871927,0.12613805,0.22411832,-0.18943906,-0.22061145,0.07500019,-0.0995036,0.15425152,0.002261775,-0.1503263,0.24688184,-0.20353203,-0.16647524,0.21722935,0.18579109,-0.09226388,-0.24946237,-0.21859615,0.08646326,-0.19869937,0.2992355,-0.23328565,-0.19258502
https://example.org/bda/health-risk/aggregate-measurement/heart-disease-health-indicators/age-12/gender-female/general-health-score,-0.21911529,0.14483133,-0.11312733,0.13678883,-0.05290413,-0.10590099,-0.19950601,-0.022085728,-0.078021996,0.09785141,0.20834625,0.08145483,-0.31648868,-0.25056463,0.04155278,-0.08351937,0.11442307,0.051890664,-0.21059391,0.15121979,-0.25599933,-0.15233906,0.3456671,0.07436349,-0.088786446,-0.16075796,-0.2280657,0.1278112,-0.26085228,0.14382426,-0.23659252,-0.2535777
https://example.org/bda/health-risk/aggregate-measurement/heart-disease-health-indicators/age-12/gender-female/heavy-alcohol,0.016135827,0.20679332,-0.11127968,0.3269378,-0.11703491,0.123248585,0.08734583,-0.22578722,-0.04091413,-0.12995516,0.13933516,0.19657728,-0.17564873,-0.13488814,0.01746451,-0.2197724,0.08832398,-0.121042,-0.2033199,0.25392455,-0.14038542,-0.039142624,0.28393415,0.18978305,-0.19319,-0.14003114,-0.25207442,0.10157931,-0.12938508,0.24936129,-0.31259742,-0.048597854
https://example.org/bda/health-risk/aggregate-measurement/heart-disease-health-indicators/age-12/gender-female/high-blood-pressure,-0.06221503,0.30190232,-0.079363674,0.21765636,-0.12721573,0.29584733,0.12121555,-0.18763489,0.08911151,0.057152793,0.008417842,0.08396216,-0.37088847,0.01208346,-0.190416,-0.060683943,0.093810014,-0.057042778,-0.15919217,0.19498086,-0.20727406,-0.1766107,0.27675688,0.11614051,-0.10627013,-0.12800297,-0.14837149,0.13451788,-0.1906153,0.32123905,-0.15271293,-0.17731597
https://example.org/bda/health-risk/aggregate-measurement/heart-disease-health-indicators/age-12/gender-female/high-cholesterol,-0.04525654,0.15938124,-0.094162405,0.21673799,-0.05623168,0.03103064,0.17178822,-0.09868372,-0.08699919,0.032759733,0.20986786,0.16163278,-0.22977577,-0.12314652,0.17417,-0.11904557,0.23111618,-0.052297797,-0.16549267,0.14221984,-0.2624381,-0.021839522,0.3829463,0.108771116,-0.045681212,-0.1233321,-0.36365727,0.2811681,-0.15986574,0.16280518,-0.2156543,-0.1526089
https://example.org/bda/health-risk/aggregate-measurement/heart-disease-health-indicators/age-12/gender-female/mental-unhealthy-days,0.059578888,0.17108075,-0.1028199,0.17070843,-0.060420044,0.17392705,0.38335302,-0.09438981,-0.028366078,-0.11605965,0.15517484,0.34021166,-0.3188613,-0.07716047,-0.088018306,-0.13112156,0.2133893,-0.021220496,-0.14908826,0.19478756,-0.23861657,-0.09525673,0.2402546,0.16035928,-0.07727617,-0.09872495,-0.21221781,0.02575037,-0.22850646,0.17134275,-0.1933138,-0.12275587
https://example.org/bda/health-risk/aggregate-measurement/heart-disease-health-indicators/age-12/gender-female/physical-activity,-0.31859946,0.15218902,-0.123205334,0.18615414,-0.08018518,0.09335576,-0.13918446,-0.12753083,0.016966928,0.23770057,0.102228634,0.1322674,-0.30805933,0.30252925,0.05845075,-0.07515821,0.18194316,-0.14285102,-0.17834952,0.26959625,-0.2705929,-0.10727736,0.31792837,0.028196089,0.060132187,-0.16966228,-0.12296991,0.06903924,-0.12560126,0.13678318,-0.16367216,-0.19059956
https://example.org/bda/health-risk/aggregate-measurement/heart-disease-health-indicators/age-12/gender-female/physical-unhealthy-days,-0.2964269,0.18398868,-0.12006837,0.13353752,-0.11363093,0.2084458,0.25006,-0.20089665,-0.14568232,0.21063158,0.15428948,0.2025743,-0.055643775,-0.25559896,0.15464628,-0.1911283,0.14627911,-0.0726237,-0.088188976,0.27096766,-0.15441814,-0.09150604,0.23485813,0.20018792,-0.041958015,-0.2022709,-0.14260252,0.14219667,-0.07404081,0.10726525,-0.17070106,-0.25059095
https://example.org/bda/health-risk/aggregate-measurement/heart-disease-health-indicators/age-12/gender-female/smoking,-0.17341486,0.15739419,-0.097465515,0.13856296,-0.17487316,0.24354106,0.015633862,-0.13391453,-0.15547708,0.015283334,0.14831316,0.3108202,-0.09741029,0.22046639,0.06991704,-0.12771282,0.07663858,-0.037111167,-0.17363963,0.29154575,-0.1448969,-0.13981393,0.3206182,0.21167888,-0.06471458,-0.19800082,-0.27127567,0.21056585,-0.06450461,0.129847,-0.21590146,-0.21581532
https://example.org/bda/health-risk/aggregate-measurement/heart-disease-health-indicators/age-12/gender-male/age-years,0.26136068,-0.081484176,-0.108332515,-0.14183861,0.08585294,-0.24868932,-0.28071198,-0.11412184,-0.025272323,-0.14789075,0.18641603,-0.18784118,-0.33528006,0.26524955,0.047422685,-0.12917829,0.14343923,-0.2197661,-0.16054045,-0.20180808,-0.23132189,0.13185284,0.20545068,-0.16791162,-0.0724255,0.09427836,-0.09393928,0.13945004,-0.19180773,-0.09139932,0.09458456,-0.2544389
https://example.org/bda/health-risk/aggregate-measurement/heart-disease-health-indicators/age-12/gender-male/body-mass-index,0.20466314,-0.13486439,-0.100790516,-0.1438426,0.054436997,-0.30844003,0.19579545,-0.14357814,0.397453,0.09502423,0.08533934,-0.15410195,-0.25229925,-0.15441003,0.018040052,-0.14641954,0.19486402,-0.1851335,-0.18356934,-0.23588048,-0.20202228,0.11754294,0.1734909,-0.17556667,-0.07241598,0.11970396,-0.16996476,0.1905373,-0.07955633,-0.2176036,0.0898092,-0.14521742
https://example.org/bda/health-risk/aggregate-measurement/heart-disease-health-indicators/age-12/gender-male/difficulty-walking,-0.059974443,-0.13891996,-0.15651567,-0.14536367,0.18132016,-0.19387513,-0.09925909,-0.09678696,0.19681181,-0.020464374,-0.061505277,-0.20988643,-0.06760781,-0.048019413,-0.048017066,-0.19686048,-0.047873713,0.008619663,-0.08143345,-0.323562,-0.09725749,0.08884841,0.29305953,-0.42545494,-0.13775083,0.28533202,-0.096891366,0.23491205,0.004369022,-0.27898145,0.25193956,0.05141346
https://example.org/bda/health-risk/aggregate-measurement/heart-disease-health-indicators/age-12/gender-male/general-health-score,0.09387512,-0.13678972,-0.12048543,-0.06648896,0.14056264,-0.21786864,0.03110177,-0.07021001,0.14165589,0.1394555,0.12355962,-0.19389586,-0.22624713,-0.17317009,-0.033925824,-0.19368319,0.12281779,-0.15134355,-0.2007182,-0.21652544,-0.17368871,0.07344322,0.24907847,-0.28103754,-0.12575065,0.143007,-0.20560256,0.17669776,-0.32560903,-0.30375203,0.207488,-0.12393564
https://example.org/bda/health-risk/aggregate-measurement/heart-disease-health-indicators/age-12/gender-male/heavy-alcohol,-0.29516184,-0.06593988,-0.047327563,-0.035758767,0.09519807,-0.18472154,-0.2786852,-0.16124083,0.22733524,0.10676664,0.13210459,-0.07562259,-0.2177638,-0.21526004,0.085196435,-0.0991024,0.13089447,-0.2847296,-0.17159058,-0.21520701,-0.18991283,0.068101734,0.19785573,-0.09498021,-0.09730734,0.08550385,-0.18650998,0.30783993,-0.2567723,-0.2794798,0.08853933,0.0054643108
https://example.org/bda/health-risk/aggregate-measurement/heart-disease-health-indicators/age-12/gender-male/high-blood-pressure,0.17129318,-0.16629802,-0.1304827,-0.16227978,0.08615638,-0.27009106,0.22075269,-0.20666555,0.057470996,-0.116583884,0.06845931,-0.27906308,-0.20702437,0.2921986,-0.039726254,-0.018673526,0.08396702,-0.16323648,-0.16821048,-0.23877469,-0.12001344,0.096186936,0.19861512,-0.27266636,-0.13598877,0.21849196,-0.1244923,0.15841495,-0.09119934,-0.25219345,0.2351242,-0.08787803
https://example.org/bda/health-risk/aggregate-measurement/heart-disease-health-indicators/age-12/gender-male/high-cholesterol,0.3451483,-0.12556373,-0.10190509,-0.16850725,0.111649625,-0.29384682,-0.11252052,-0.13716349,0.1110076,0.08732047,0.15919162,-0.2245377,-0.18746804,-0.19950417,0.10352206,-0.16378127,0.07538054,-0.223776,-0.1329454,-0.23616655,-0.16141847,0.12831183,0.21834542,-0.1805717,-0.1152251,0.1301241,-0.18212707,0.18998747,-0.18895252,-0.2385268,0.20385042,0.04702483
https://example.org/bda/health-risk/aggregate-measurement/heart-disease-health-indicators/age-12/gender-male/mental-unhealthy-days,-0.2179932,-0.13221966,-0.13652432,-0.18566304,0.06696263,-0.08715304,0.28363132,-0.12598911,-0.032885555,-0.29192322,0.13900948,-0.2193711,-0.032666113,-0.19697855,0.06468591,-0.11518937,-0.02104639,-0.20736034,-0.102223665,-0.19396135,-0.1072635,0.0047124703,0.22298467,-0.19249082,-0.07776153,0.19497359,-0.22452392,0.25653818,-0.1858778,-0.2915927,0.30383092,0.020741645
https://example.org/bda/health-risk/aggregate-measurement/heart-disease-health-indicators/age-12/gender-male/physical-activity,-0.05768588,-0.13086845,-0.108801246,-0.13896486,0.121374495,-0.34296027,-0.07219165,-0.070885524,0.048377752,-0.15412635,0.15900883,-0.24174109,-0.32197398,0.10487103,0.03808867,-0.103394985,0.11572457,-0.13921753,-0.22767678,-0.05939901,-0.19020267,0.12238021,0.34598228,-0.14928216,-0.113220915,0.089727744,-0.14502348,0.19863786,-0.30231076,-0.18327162,0.19114392,-0.21219295
https://example.org/bda/health-risk/aggregate-measurement/heart-disease-health-indicators/age-12/gender-male/physical-unhealthy-days,-0.13137154,-0.12986939,-0.1337837,-0.1395448,0.09642788,-0.12056035,0.17270485,-0.16952914,0.045992672,0.071268864,0.12937115,-0.07768349,-0.34463072,-0.24828774,0.013888801,-0.12745716,0.16890915,-0.21244627,-0.20460011,-0.21254353,-0.20670198,-0.0021032747,0.30706686,-0.109106466,-0.11479855,0.07443231,-0.2646393,0.23221068,-0.23536481,-0.25808674,0.051532518,-0.20572565
https://example.org/bda/health-risk/aggregate-measurement/heart-disease-health-indicators/age-12/gender-male/smoking,-0.26628503,-0.08783494,-0.15092914,-0.13141868,0.10696842,-0.1967793,0.25729817,-0.1561958,0.25461236,0.1490375,0.111712106,-0.23036288,-0.25725073,0.070760995,0.060781926,-0.13688006,0.17833032,-0.13233584,-0.107503034,-0.24316569,-0.2723089,0.13621812,0.2986408,-0.16674545,-0.104538254,0.10698585,-0.18879059,0.1457477,-0.20854835,-0.1341548,0.06934551,-0.13822073
https://example.org/bda/health-risk/aggregate-measurement/heart-disease-health-indicators/age-13/gender-female/age-years,0.058770824,0.15101299,0.13006957,-0.05405082,-0.058496907,-0.23013648,-0.1882035,0.11514008,0.28068045,-0.16535188,0.12854205,-0.06687311,-0.2766763,0.29708928,0.07281631,-0.03001289,0.12506083,0.26486585,-0.09328448,-0.15463483,-0.19977503,0.16041543,0.2968324,0.18352968,-0.072120875,0.19791757,-0.25413376,0.055009138,-0.18184178,0.12892477,0.0647612,-0.28106523
https://example.org/bda/health-risk/aggregate-measurement/heart-disease-health-indicators/age-13/gender-female/body-mass-index,0.10150177,0.22333978,0.13814211,0.07784128,-0.10108966,-0.0999392,0.2892555,0.06903797,0.31699172,0.09850866,0.16985042,-0.05217159,-0.22135141,-0.123265,0.17504221,0.1300933,0.23260827,0.14957933,-0.052272778,-0.10852315,-0.2878607,0.13276188,0.28060526,0.15149705,-0.021687545,0.21727961,-0.24983789,0.30589202,-0.13031594,0.07236221,-0.02950815,-0.18052568
https://example.org/bda/health-risk/aggregate-measurement/heart-disease-health-indicators/age-13/gender-female/difficulty-walking,-0.04315265,0.3257915,0.15644914,-0.032751754,-0.07877775,0.08286352,0.040326457,0.112118915,0.32661492,0.036558166,0.16425242,-0.41317993,-0.048293367,-0.09441684,-0.0014220201,0.055623777,0.11697711,0.21526581,0.0033335837,-0.21977,-0.12327599,0.29816866,0.3323565,0.12635599,-0.048658524,0.16918807,-0.24718712,0.090279356,-0.2087293,0.17855479,-0.039123252,-0.055143565
https://example.org/bda/health-risk/aggregate-measurement/heart-disease-health-indicators/age-13/gender-female/general-health-score,-0.1203802,0.18426858,0.14649816,-0.0054798825,-0.1144698,-0.23282069,-0.12731968,0.15387625,0.020597918,0.13848636,0.12351386,-0.19008902,-0.2624786,-0.009374594,0.055534564,0.11423874,0.14475076,0.14569445,-0.11734004,-0.34035486,-0.15182756,0.24197227,0.24427144,0.21232855,-0.13098335,0.17826313,-0.2103038,0.08660818,-0.31063128,0.29683354,0.04639564,-0.14558074
https://example.org/bda/health-risk/aggregate-measurement/heart-disease-health-indicators/age-13/gender-female/heavy-alcohol,-0.2814845,0.13874146,0.13416253,-0.05344373,-0.063194655,-0.1853688,-0.17293406,0.13791679,-0.029818792,0.047055133,0.15099978,-0.16248511,-0.21790484,-0.1220973,0.07169283,-0.021949623,0.19393566,0.20327027,-0.10530473,-0.25094235,-0.222075,0.13869822,0.2616918,0.24314308,-0.076452166,0.27150053,-0.29668862,0.17855866,-0.23609634,0.22659919,0.019860188,-0.13025731
https://example.org/bda/health-risk/aggregate-measurement/heart-disease-health-indicators/age-13/gender-female/high-blood-pressure,-0.18271068,0.15374419,0.19068655,-0.09491021,-0.1747955,-0.30588067,0.09978391,0.23332128,-0.036365457,-0.10484216,0.10662627,-0.19307067,0.04057319,-0.13786243,0.20969793,-0.0076400028,0.06967276,0.30841058,0.06877594,-0.2374205,-0.1456957,0.19553599,0.216031,0.34483472,-0.04349098,0.258911,-0.24287361,0.10270836,-0.07148537,0.22656573,0.014521889,0.0471868
https://example.org/bda/health-risk/aggregate-measurement/heart-disease-health-indicators/age-13/gender-female/high-cholesterol,-0.021700805,0.14081126,0.084682986,-0.08639911,-0.072367735,-0.40671062,-0.17884393,0.15619233,0.33009103,0.07935021,0.17404845,-0.15003626,-0.16581346,-0.0757422,0.12259865,0.08530371,0.13492876,0.24286121,-0.05934875,-0.20637374,-0.17083187,0.11265928,0.25312728,0.18772513,-0.08458337,0.21574119,-0.2668112,0.16931264,-0.25766167,0.12895009,-0.09097642,-0.07139599
https://example.org/bda/health-risk/aggregate-measurement/heart-disease-health-indicators/age-13/gender-female/mental-unhealthy-days,-0.29889834,0.14888096,0.14122194,-0.0148238195,-0.15952818,-0.21009137,0.20233183,0.12122213,0.32907623,-0.1514712,0.16081661,-0.13201556,0.046102192,-0.16515955,0.09406637,0.09014563,0.10680307,0.3121748,-0.028026616,-0.22847934,-0.16994229,0.16186288,0.230358,0.2310878,-0.031791463,0.24549556,-0.2066727,0.13552274,-0.22059628,0.14666271,0.016938772,-0.0774255
https://example.org/bda/health-risk/aggregate-measurement/heart-disease-health-indicators/age-13/gender-female/physical-activity,0.072443314,0.12730518,0.11345408,-0.23858811,-0.13524026,-0.32778588,-0.06691337,0.17187391,0.05488006,-0.057475876,0.14263122,-0.069210276,-0.24860789,-0.041572645,-0.12719056,0.09673565,0.1549079,0.35161313,-0.14753018,-0.25673485,-0.21110779,0.08670736,0.28390688,0.063865125,-0.09565686,0.18842816,-0.24931532,0.02759482,-0.3664645,0.051170923,-0.10331094,-0.035266604
https://example.org/bda/health-risk/aggregate-measurement/heart-disease-health-indicators/age-13/gender-female/physical-unhealthy-days,-0.113905855,0.16753313,0.14508668,-0.06882053,-0.121776395,-0.3183327,-0.04837256,0.1193156,0.39051196,-0.027908675,0.10688098,-0.12928937,-0.22601968,-0.083032496,0.0103128,0.17984858,0.20446292,0.26199004,-0.0819199,-0.1690469,-0.17502397,0.15318498,0.31824395,0.17674378,-0.061063036,0.20024982,-0.22912106,0.096982926,-0.2724362,0.09210991,0.065198645,-0.059546947
https://example.org/bda/health-risk/aggregate-measurement/heart-disease-health-indicators/age-13/gender-female/smoking,-0.24588837,0.24712779,0.17441809,-0.08628801,-0.10260356,-0.17126918,0.1221996,0.19131935,0.16877519,0.06981336,0.17448275,-0.12176439,-0.15708758,0.114463195,0.07094801,0.010589242,0.18936568,0.19747546,-0.037093062,-0.20504199,-0.22087581,0.1825141,0.31723416,0.2552022,-0.08926419,0.14549378,-0.24410278,0.14920011,-0.19196051,0.18835872,0.13320094,-0.24588259
https://example.org/bda/health-risk/aggregate-measurement/heart-disease-health-indicators/age-13/gender-male/age-years,-0.06828064,0.17480822,-0.114095494,-0.20554167,0.12991887,0.24042112,-0.16926526,-0.11547779,0.21600008,-0.20447588,0.09809574,-0.16183075,-0.11319789,0.23527415,0.10589066,0.1147499,0.13303342,-0.28346056,-0.095038846,0.2732587,-0.1895001,-0.15089248,0.3103301,-0.057210147,0.16834074,0.18123531,-0.08235402,0.15580623,-0.16843711,-0.14052294,0.1980718,-0.23753144
https://example.org/bda/health-risk/aggregate-measurement/heart-disease-health-indicators/age-13/gender-male/body-mass-index,0.2225956,0.1636226,-0.15932047,-0.19567996,0.10878896,0.16894607,0.13401903,-0.15538678,0.27577063,0.08187087,0.10201294,-0.22435325,-0.22216977,-0.114072345,-0.03857891,0.12024731,0.19401415,-0.27858368,-0.019342154,0.20372833,-0.19657677,-0.16753401,0.15114573,-0.12081509,0.17578232,0.18098398,-0.15770274,0.122551806,-0.19266795,-0.24391481,0.26636323,-0.15270497
https://example.org/bda/health-risk/aggregate-measurement/heart-disease-health-indicators/age-13/gender-male/difficulty-walking,0.26846227,0.10558287,-0.10131617,-0.12724033,0.13647282,0.12772681,-0.07578264,-0.09886364,0.14500798,-0.05370571,0.13707119,-0.19844833,-0.17803289,-0.087954566,0.10675561,0.088875964,0.21426424,-0.22969432,-0.021655008,0.1949155,-0.18794161,-0.21022058,0.29770726,-0.05466603,0.13221365,0.19199216,-0.20788261,0.23474886,-0.31790003,-0.24145535,0.17604662,-0.21858755
https://example.org/bda/health-risk/aggregate-measurement/heart-disease-health-indicators/age-13/gender-male/general-health-score,-0.28608444,0.1558175,-0.09528096,-0.11802587,0.20034349,0.055840567,-0.068554044,-0.15563586,0.088157244,0.1721306,0.055865623,-0.16773841,-0.265024,-0.16556309,0.033388693,0.118816696,0.13318925,-0.1713808,-0.08845304,0.21656297,-0.20017135,-0.17986958,0.19410609,-0.16490895,0.17677934,0.20847186,-0.093049236,0.009574689,-0.3438891,-0.2835784,0.2603117,-0.16770017
https://example.org/bda/health-risk/aggregate-measurement/heart-disease-health-indicators/age-13/gender-male/heavy-alcohol,-0.19156882,0.13298962,-0.16235217,-0.17107719,0.1585395,0.26249775,-0.055062775,-0.1179538,0.13200457,0.026148422,0.14235923,-0.1265834,-0.13590895,-0.013607372,0.14901064,0.10334683,0.1888058,-0.19580647,0.07848403,0.046947412,-0.21540232,-0.13920778,0.38598505,-0.049190965,0.1707429,0.17903091,-0.21960309,0.2875018,-0.22266243,-0.2736421,0.2078101,-0.1174762
https://example.org/bda/health-risk/aggregate-measurement/heart-disease-health-indicators/age-13/gender-male/high-blood-pressure,0.206024,0.22072528,-0.16614754,-0.17407154,0.18196009,0.32000697,0.23337045,-0.12461195,0.2126865,-0.048282336,0.12607937,0.07291157,-0.0841031,0.24809307,-0.03873407,0.26379707,0.08141125,-0.12795283,-0.03396049,0.33920583,-0.11753677,-0.22882845,0.2598435,0.02789562,0.25058055,0.1404725,-0.040520128,0.0773015,-0.2137316,-0.020295665,0.102396525,-0.12855582
https://example.org/bda/health-risk/aggregate-measurement/heart-disease-health-indicators/age-13/gender-male/high-cholesterol,0.24435456,0.11760265,-0.10009094,-0.21852016,0.12798533,0.15537725,-0.15531033,-0.11250081,-0.01588143,0.111543104,0.09976209,-0.113670655,-0.09526038,-0.18837409,0.17271131,0.10493273,-0.033829626,-0.29783773,0.04429095,0.2717224,-0.06615753,-0.23716898,0.2621799,-0.1468143,0.11856058,0.13369466,-0.33981806,0.26326278,-0.2711041,-0.20028055,0.13214459,-0.07792556
https://example.org/bda/health-risk/aggregate-measurement/heart-disease-health-indicators/age-13/gender-male/mental-unhealthy-days,-0.31426185,0.19649282,-0.19416253,-0.24148728,0.10115827,0.11248802,-0.11612447,-0.08399379,0.25858688,0.15799081,-0.0191512,-0.17256969,-0.26051185,-0.062628716,-0.108920366,0.10549088,0.082043365,-0.25167426,-0.0035040374,0.19026487,-0.20815627,-0.15714496,0.18129022,-0.0053438195,0.18015353,0.15131857,-0.101448745,0.10747246,-0.33783135,-0.3068097,0.077641316,-0.08800488
https://example.org/bda/health-risk/aggregate-measurement/heart-disease-health-indicators/age-13/gender-male/physical-activity,-0.3980763,0.09541779,-0.10271284,-0.09795737,0.09173492,0.07385567,-0.30362168,-0.09969852,0.19849278,0.2513744,0.07139545,-0.15066771,-0.14215538,0.27170038,-0.032787047,0.17694743,0.15451024,-0.22269204,-0.06158367,0.10518745,-0.2579632,-0.18258736,0.2830788,-0.12157287,0.06323357,0.07572715,-0.10099869,0.12114474,-0.19113669,-0.06363063,0.2159659,-0.18583897
https://example.org/bda/health-risk/aggregate-measurement/heart-disease-health-indicators/age-13/gender-male/physical-unhealthy-days,-0.20700084,0.1334858,-0.15838967,-0.11513459,0.087313265,0.22266334,0.091477975,-0.099734634,0.31149074,0.12593777,0.10095761,-0.092226215,-0.18804717,-0.17366311,0.104065634,0.15295964,0.23218702,-0.17995183,0.033249136,0.1549878,-0.30803135,-0.21458049,0.27337584,-0.11765345,0.114374384,0.08290427,-0.1735171,0.23755841,-0.19010685,-0.26887244,0.10697752,-0.16383004
https://example.org/bda/health-risk/aggregate-measurement/heart-disease-health-indicators/age-13/gender-male/smoking,-0.13307144,-0.3101023,0.087669306,0.016514288,0.07130721,-0.10006605,-0.045351323,-0.15066254,-0.067721084,-0.15206432,0.11975549,-0.032393854,-0.37629166,-0.090936586,0.047482777,-0.18114932,0.043236695,0.17573847,-0.20441882,-0.015755316,-0.01534232,-0.0047801076,0.4534545,-0.11713785,-0.06639466,0.055448692,-0.25745627,0.28786758,-0.2752275,-0.13896859,-0.15225461,-0.20251845
https://example.org/bda/health-risk/aggregate-measurement/heart-disease-health-indicators/age-2/gender-female/age-years,0.036652338,0.15055531,0.11746595,-0.09432278,0.20865199,-0.24689057,-0.2624672,-0.21867236,-0.03481693,-0.15631647,0.03524601,0.34122398,0.14911363,0.26008105,-0.07060526,0.1882757,0.15602241,0.21351853,0.20243719,0.09465405,-0.2263572,0.15735164,0.25579914,-0.13208099,-0.16477346,-0.16112845,-0.106891885,0.07496513,-0.04262261,-0.13038222,-0.25663593,-0.15772994
https://example.org/bda/health-risk/aggregate-measurement/heart-disease-health-indicators/age-2/gender-female/body-mass-index,0.2398785,0.03340614,0.16368787,-0.15262242,0.1727233,-0.17117213,0.3141637,-0.12095693,0.057251316,0.16042471,0.2178998,0.12533751,-0.029816149,-0.2774097,0.044859916,0.22058639,0.20757532,0.30878088,0.012533782,0.06632226,-0.24957405,0.10572886,0.21761411,-0.24264617,-0.08154275,-0.0785067,-0.09614099,0.17241384,-0.078990616,-0.31989828,-0.06899373,-0.10133303
https://example.org/bda/health-risk/aggregate-measurement/heart-disease-health-indicators/age-2/gender-female/difficulty-walking,-0.08302251,0.13248473,0.17216176,0.002451798,0.16711965,-0.12453922,0.10758428,-0.25714004,0.15851766,0.018502863,0.16713545,0.24713926,-0.11629826,-0.18510263,-0.13479498,0.23666508,0.15575032,0.23230067,-0.08431211,-0.030169133,-0.16868173,0.21446995,0.33861977,-0.06881568,0.002342929,-0.18923667,-0.26375118,-0.06400038,-0.3159149,-0.17544076,-0.1554977,-0.20975289
https://example.org/bda/health-risk/aggregate-measurement/heart-disease-health-indicators/age-2/gender-female/general-health-score,-0.04983942,0.12407242,0.1125141,-0.015331894,0.14174242,-0.323323,-0.009968283,-0.1916259,-0.079221696,0.07822894,0.12314151,0.27045146,-0.11904451,0.03620791,-0.20093612,0.26489654,0.20289226,0.23233373,-0.04885287,0.1720788,-0.23562148,0.1524879,0.3433994,-0.14350688,-0.09833457,-0.16121764,-0.20018975,0.14691232,-0.25340098,-0.14550437,-0.15373048,-0.17401488
https://example.org/bda/health-risk/aggregate-measurement/heart-disease-health-indicators/age-2/gender-female/heavy-alcohol,-0.08891722,0.1565985,0.12534572,0.09618927,0.22791272,-0.08246016,0.037513126,-0.062408257,0.15063085,0.14238723,0.17966834,0.34418908,-0.07851738,-0.18972313,0.015575472,0.028972007,0.29489985,0.21889251,-0.033998676,0.07139431,-0.2783549,0.12304773,0.2123965,-0.30434704,-0.18321955,-0.10213163,-0.1913028,0.16591738,-0.29315937,-0.18445444,-0.20333038,0.026058726
https://example.org/bda/health-risk/aggregate-measurement/heart-disease-health-indicators/age-2/gender-female/high-blood-pressure,0.09502927,0.18924049,0.0821053,0.024646709,0.20597136,-0.18311682,0.20960008,-0.15697843,-0.0066617373,-0.16380537,0.15076362,0.17320421,-0.03411925,0.23020287,0.11332762,0.12131286,0.21881986,0.14781615,-0.0049394593,0.13382228,-0.09041364,0.31565434,0.31020877,-0.15559615,-0.09137815,-0.12609076,-0.14491549,0.17722553,-0.13869809,-0.19736183,-0.41872233,-0.12594841
https://example.org/bda/health-risk/aggregate-measurement/heart-disease-health-indicators/age-2/gender-female/high-cholesterol,0.1859059,0.19834888,0.049694654,0.052642543,0.14675704,-0.08106836,-0.33858904,-0.17663462,0.17849725,0.17605777,0.16821942,0.05784196,-0.01915205,-0.23507513,0.20581858,0.06409997,0.0936266,0.17521493,0.013108438,0.11714496,-0.124688074,0.15299867,0.2858505,-0.1475217,-0.05817175,-0.12750031,-0.28752038,0.26085737,-0.24124765,-0.2786417,-0.21259782,0.055869434
https://example.org/bda/health-risk/aggregate-measurement/heart-disease-health-indicators/age-2/gender-female/mental-unhealthy-days,-0.24869119,0.11147794,0.038070474,-0.14263618,0.13069624,-0.15556109,0.4442481,-0.17714272,-0.0325831,-0.1440897,0.086807095,0.10119835,0.031972513,-0.09284568,0.04880131,0.15032014,0.107899,0.18398492,0.124121934,0.24401028,-0.16880362,0.12004664,0.23876217,-0.34786528,-0.15022846,-0.13918062,-0.26125193,0.12626335,-0.18469603,-0.13249612,-0.20129636,-0.0027409804
https://example.org/bda/health-risk/aggregate-measurement/heart-disease-health-indicators/age-2/gender-female/physical-activity,-0.057199325,0.07040674,0.105013534,-0.0063003525,0.06653408,-0.26961124,-0.20325583,-0.12738816,0.12106917,0.13730712,0.072567694,0.14792725,-0.15656404,0.23876493,-0.13795559,0.21787277,0.19622457,0.29313177,-0.08362248,0.12726705,-0.18525313,0.14500757,0.26613247,-0.19183001,-0.18872455,-0.24348316,-0.18868703,0.013745811,-0.3030759,-0.12276886,-0.21581721,-0.20634207
https://example.org/bda/health-risk/aggregate-measurement/heart-disease-health-indicators/age-2/gender-female/physical-unhealthy-days,-0.31166005,0.20489295,0.12888846,-0.06817317,0.08004085,-0.075311154,0.23142305,-0.18390603,-0.07124104,-0.011699715,0.1372085,0.27086207,-0.212218,0.16748238,-0.051178854,0.07674138,0.18502288,0.15179041,-0.1297143,0.075315006,-0.26526952,0.1567141,0.35540053,-0.099114716,-0.041846003,-0.12616041,-0.15083277,0.06728677,-0.25286213,-0.122402035,-0.29813522,-0.19387245
https://example.org/bda/health-risk/aggregate-measurement/heart-disease-health-indicators/age-2/gender-female/smoking,-0.22209413,0.08954447,0.06500158,0.07915945,0.08284364,-0.2782778,0.15818922,-0.13051541,0.06317877,0.032351464,0.12361191,0.22291625,-0.10682425,0.07047341,0.047424782,0.11185124,0.22050883,0.3414069,-0.0012711809,0.1361276,-0.18979765,0.16056912,0.25732705,-0.15194477,-0.08321342,-0.16388416,-0.21158744,0.16282164,-0.27852032,-0.24143578,-0.3022514,-0.19377512
https://example.org/bda/health-risk/aggregate-measurement/heart-disease-health-indicators/age-2/gender-male/age-years,0.16372703,-0.0992402,-0.15948094,-0.21994492,-0.09431305,-0.19868933,-0.21753079,0.18380217,0.008958978,-0.16143368,0.13878067,-0.41343528,-0.14002427,0.1188202,-0.010637635,0.21395998,-0.0768701,0.19185783,-0.009338818,0.16242906,-0.10272993,0.22699548,0.23597902,-0.3713173,0.085584566,-0.06160204,-0.0010627442,0.19470215,0.18782029,-0.16451256,0.14520314,-0.08262193
https://example.org/bda/health-risk/aggregate-measurement/heart-disease-health-indicators/age-2/gender-male/body-mass-index,0.26152083,-0.095436916,-0.097069934,-0.0011981761,-0.11108735,-0.18813495,0.19775563,0.14315653,0.26389867,0.112262964,0.14715368,-0.24680994,-0.20328534,-0.259371,0.15374592,0.08597503,0.18736154,0.30799466,-0.092326,0.15970695,-0.18646595,0.107229196,0.23769224,-0.18415202,0.07598312,-0.12167959,-0.18789281,0.24077994,-0.080598615,-0.240282,0.064947635,-0.13533415
https://example.org/bda/health-risk/aggregate-measurement/heart-disease-health-indicators/age-2/gender-male/difficulty-walking,0.190228,-0.18673024,-0.09496039,-0.04514264,-0.12661368,-0.25013027,-0.2097003,0.07740963,-0.03552633,-0.1521668,0.17988424,-0.14749001,-0.042746346,-0.24686368,0.17449692,0.18979283,0.110021815,0.3159259,0.0066745305,0.14342415,-0.08283822,0.18158875,0.2508302,-0.12608597,0.092742585,-0.040805712,-0.123858325,0.36175483,-0.025753379,-0.25142735,0.25804725,-0.20842065
https://example.org/bda/health-risk/aggregate-measurement/heart-disease-health-indicators/age-2/gender-male/general-health-score,-0.11030903,-0.09501951,-0.038855925,0.058184948,-0.06891924,-0.22824985,0.03247261,0.073320664,0.22452784,0.024706533,0.13579538,-0.13614635,-0.31752107,-0.12116436,0.17682464,0.078987464,0.13234222,0.12229545,-0.2019753,0.13030171,-0.09870024,0.08614149,0.33719423,-0.17594141,0.05005564,-0.054965507,-0.31241402,0.34232253,-0.25887978,-0.1743271,0.058267806,-0.31055692
https://example.org/bda/health-risk/aggregate-measurement/heart-disease-health-indicators/age-2/gender-male/heavy-alcohol,-0.037995733,-0.16727936,-0.06768502,-0.03850728,-0.12740591,-0.32618883,-0.09867323,0.10877474,0.38005388,0.10111802,0.16484916,-0.2807379,-0.2359123,-0.15118094,0.086415075,0.09978774,0.16963527,0.24809627,-0.1026943,0.15925641,-0.17957446,0.13049549,0.20675237,-0.19086124,0.086505555,-0.15556777,-0.20710707,0.19508474,-0.20527487,-0.16635993,0.15474087,-0.05136582
https://example.org/bda/health-risk/aggregate-measurement/heart-disease-health-indicators/age-2/gender-male/high-blood-pressure,0.20949304,-0.11611494,-0.16436611,-0.10607245,-0.059172366,-0.2364999,0.22508489,0.090773165,0.26303357,-0.15850459,0.17887664,-0.061602857,-0.16143201,0.24353363,0.035141144,0.08918485,0.16930623,0.19846061,-0.12588789,0.10516117,-0.13265894,0.14745319,0.39846936,-0.15448183,0.15082593,-0.1607711,-0.21767302,0.1528825,-0.13037162,-0.2367692,0.22774352,-0.012284086
https://example.org/bda/health-risk/aggregate-measurement/heart-disease-health-indicators/age-2/gender-male/high-cholesterol,0.2508977,-0.11204991,-0.11726165,-0.0018676482,-0.091031104,-0.21051693,-0.2977241,0.10714951,0.33444038,0.11012066,0.1331826,-0.18768904,-0.16187875,-0.18429206,0.11049356,0.090538345,0.13803211,0.17438354,-0.14068066,0.16564727,-0.13748272,0.17462298,0.21622892,-0.21190445,0.11878349,-0.172247,-0.19298193,0.2520501,-0.24481277,-0.19704422,0.114984035,-0.07889262
https://example.org/bda/health-risk/aggregate-measurement/heart-disease-health-indicators/age-2/gender-male/mental-unhealthy-days,0.23552038,-0.1876706,-0.12842007,0.11092648,-0.18756828,-0.21602263,0.08113208,0.23185308,0.1206702,0.084803656,0.10191481,-0.19938998,-0.3088769,0.17352748,-0.283685,0.14392169,0.15757984,0.32225403,-0.20133331,0.13528676,-0.1165962,0.14085144,0.22767267,-0.15474032,0.10216184,-0.083705544,-0.13970974,0.08739267,-0.1658183,-0.18482557,0.18697068,-0.042194586
https://example.org/bda/health-risk/aggregate-measurement/heart-disease-health-indicators/age-2/gender-male/physical-activity,0.11297102,-0.030151272,-0.028361697,0.107569024,-0.0432193,-0.1294473,0.17036389,0.19056292,0.2559877,0.119346164,0.1629801,-0.05482058,-0.22935632,0.25566986,0.2283172,0.037085857,0.17345326,0.14276534,-0.11014921,0.075140394,-0.18194267,0.20105445,0.4048511,-0.16889736,0.087088,-0.07669486,-0.25319815,0.3352344,-0.1429353,-0.17604436,0.10751261,-0.14842945
https://example.org/bda/health-risk/aggregate-measurement/heart-disease-health-indicators/age-2/gender-male/physical-unhealthy-days,-0.13035436,-0.12285655,-0.15319656,-0.10431963,-0.13339034,-0.30804968,0.23215999,0.19918816,0.32122332,0.18342625,0.14130041,-0.12850395,-0.22090493,-0.14787883,0.04966843,0.08638445,0.14747286,0.24467151,-0.12236224,0.1437886,-0.19449736,0.16078378,0.23097342,-0.18565044,0.15754877,-0.10354413,-0.14119758,0.2009708,-0.07231443,-0.1952175,0.175598,-0.18600282
https://example.org/bda/health-risk/aggregate-measurement/heart-disease-health-indicators/age-2/gender-male/smoking,-0.2272346,-0.11223188,-0.15045844,-0.005988838,-0.13813351,-0.2533766,0.14004484,0.1577617,0.16904129,0.07525017,0.19966562,-0.278177,-0.10981306,0.2108183,0.18031065,0.11425148,0.13029501,0.24196368,-0.040129,0.12161574,-0.15923348,0.1920156,0.28661045,-0.19245583,0.11270193,-0.17329638,-0.16147307,0.2832477,-0.03669159,-0.24118745,0.13584565,-0.17724626
https://example.org/bda/health-risk/aggregate-measurement/heart-disease-health-indicators/age-3/gender-female/age-years,0.031358432,-0.1938938,0.11896728,-0.17504439,-0.11367202,0.33822453,-0.10481295,0.17430173,0.20341843,-0.22672547,0.1153607,-0.25243396,0.16608247,0.34039217,0.16978635,-0.04530248,0.044722036,-0.085009165,0.14362118,-0.14806303,-0.07334204,-0.2640437,0.2925249,0.12479064,-0.15564333,-0.11123904,-0.11039595,0.17252843,0.07843183,-0.11595455,-0.1889065,-0.20480879
https://example.org/bda/health-risk/aggregate-measurement/heart-disease-health-indicators/age-3/gender-female/body-mass-index,0.15754835,-0.090182215,0.08862185,-0.19462106,-0.14601554,0.26557198,0.16508679,0.19904594,-0.16864865,0.0964652,0.13308395,-0.19168118,-0.14577778,-0.18294941,0.13477649,-0.09261422,0.1941981,-0.29678792,0.029178489,-0.03641257,-0.20892534,-0.21067616,0.30339184,0.30078286,-0.09159868,-0.06985689,-0.17899619,0.23551019,-0.13996351,-0.17014343,-0.13142547,-0.15432872
https://example.org/bda/health-risk/aggregate-measurement/heart-disease-health-indicators/age-3/gender-female/difficulty-walking,0.08454011,-0.125945,0.11636766,-0.19122322,-0.105127096,0.2697192,-0.23177879,0.10666282,0.17130221,-0.3013603,0.19927669,-0.11254449,-0.076444924,-0.13394016,0.18205296,-0.16641398,0.14492919,-0.10203153,0.012428013,-0.11702462,-0.15291823,-0.1889327,0.28263682,0.039862566,-0.14161117,0.05388512,-0.22427124,0.26348612,-0.24903794,-0.1527598,-0.14394675,-0.29368627
https://example.org/bda/health-risk/aggregate-measurement/heart-disease-health-indicators/age-3/gender-female/general-health-score,-0.16350043,-0.14557411,0.10057083,-0.17942071,-0.0911862,0.19308944,-0.06100348,0.20974772,-0.17580312,0.107898936,0.14628462,-0.18014239,-0.026683768,-0.17943417,0.14332163,-0.108655944,0.14505072,-0.2243298,0.044921953,-0.01603063,-0.07705806,-0.18300623,0.41818026,0.14509432,-0.11910025,-0.004899254,-0.29608598,0.23476012,-0.2351929,-0.18460895,-0.18088979,-0.25826347
https://example.org/bda/health-risk/aggregate-measurement/heart-disease-health-indicators/age-3/gender-female/heavy-alcohol,-0.25762686,-0.11705584,0.15926333,-0.14921191,-0.100112274,0.3169207,-0.3283553,0.17313635,-0.07377134,0.11466298,0.10362777,-0.20878789,0.20540416,-0.17137997,0.0510656,-0.20073995,0.16747749,-0.19111042,0.09449292,-0.26156467,-0.07783959,-0.14572744,0.20945269,0.16379736,-0.12564047,-0.036670245,-0.15368631,0.17192373,-0.082316115,-0.24987729,-0.17689994,0.16102056
https://example.org/bda/health-risk/aggregate-measurement/heart-disease-health-indicators/age-3/gender-female/high-blood-pressure,0.1834023,-0.14214805,0.11561968,-0.097907424,-0.18255506,0.21469875,0.24559131,0.17378242,0.21726085,-0.15639853,0.17755592,-0.28958988,-0.074277796,0.27017477,0.1868687,-0.082771435,0.15181576,-0.27299184,0.05633558,-0.14567116,-0.062372055,-0.14203458,0.29253393,0.21097326,-0.15282989,-0.011990505,-0.21348396,0.14590299,-0.11550901,-0.15434787,-0.09258921,-0.18361388
https://example.org/bda/health-risk/aggregate-measurement/heart-disease-health-indicators/age-3/gender-female/high-cholesterol,0.3394323,0.11070848,0.007951027,0.15045157,0.01796202,0.21245058,-0.15802222,0.044690385,0.168956,0.23817103,0.22467236,-0.077397496,-0.21260002,-0.27576154,-0.13381045,-0.011100228,0.18863356,-0.14751104,-0.1134806,0.015236977,-0.2117345,0.11398874,0.20749137,-0.0047472096,0.113359116,-0.096252725,-0.35204592,0.24735995,-0.3113603,0.023679968,-0.14159866,-0.015702143
https://example.org/bda/health-risk/aggregate-measurement/heart-disease-health-indicators/age-3/gender-female/mental-unhealthy-days,-0.27369556,-0.15787886,0.07171309,-0.1820853,-0.07480693,0.22829553,0.22396414,0.13130425,0.10181067,-0.08906786,0.19714071,-0.1743895,-0.13172011,-0.22954987,0.06395706,-0.08717874,0.23103005,-0.28162724,-0.015116016,-0.026250489,-0.2094317,-0.13659078,0.29762056,0.109189875,-0.07354218,-0.083403766,-0.20784242,0.2200151,-0.27458158,-0.20193829,-0.13873176,-0.17727709
https://example.org/bda/health-risk/aggregate-measurement/heart-disease-health-indicators/age-3/gender-female/physical-activity,-0.17514835,-0.23218708,0.12693092,-0.22422822,-0.122493505,0.24405368,0.24095656,0.2375071,-0.08696876,0.07617066,0.108123936,-0.28224453,-0.065256886,-0.021838393,0.032950766,-0.1006352,0.18336102,-0.3134452,-0.0064216233,-0.15779498,-0.14224215,-0.15931171,0.25469047,0.21218671,-0.09792767,-0.04285399,-0.20361245,0.12647264,-0.1777858,-0.26188767,-0.20916025,-0.119102255
https://example.org/bda/health-risk/aggregate-measurement/heart-disease-health-indicators/age-3/gender-female/physical-unhealthy-days,-0.2905362,-0.113446675,0.13193592,-0.12202695,-0.16655181,0.14428459,0.37606624,0.06892822,0.03800401,0.16576962,0.15767969,-0.08298364,-0.068743736,-0.09134466,0.026104698,-0.076370984,0.234558,-0.25520098,-0.022435797,-0.05839714,-0.20366342,-0.15619394,0.33058143,0.284534,-0.067688145,-0.0050575286,-0.20380835,0.09215448,-0.21493965,-0.24006908,-0.08384815,-0.22305146
https://example.org/bda/health-risk/aggregate-measurement/heart-disease-health-indicators/age-3/gender-female/smoking,-0.30922124,-0.102452636,0.12369757,-0.1532587,-0.1277645,0.29325336,0.30977276,0.11456045,-0.0007008525,0.10123621,0.1279063,-0.13568884,-0.08371722,0.3641399,0.064018846,-0.08572529,0.15732136,-0.23017992,0.035717428,-0.1001435,-0.14773998,-0.13556238,0.2777871,0.17690891,-0.08419087,-0.09000616,-0.15439273,0.10828467,-0.17067689,-0.2686644,-0.17532739,-0.16465321
https://example.org/bda/health-risk/aggregate-measurement/heart-disease-health-indicators/age-3/gender-male/age-years,0.15508305,-0.21421936,0.28866726,-0.18373203,0.06882069,-0.15457055,-0.24184582,-0.21690154,-0.1643941,-0.1648134,0.14832711,0.21803395,-0.19175778,0.2789483,0.14760177,-0.095848195,0.099041216,-0.16167967,-0.17532432,0.17637971,-0.15536827,-0.15532313,0.3307932,-0.014166342,-0.11219806,0.17188376,-0.10987281,0.17097317,-0.05015558,0.06654441,0.17514016,-0.18105981
https://example.org/bda/health-risk/aggregate-measurement/heart-disease-health-indicators/age-3/gender-male/body-mass-index,0.02033751,-0.16622885,0.16659391,-0.16805902,0.1364141,0.04670015,0.31980944,-0.16291347,-0.22049843,0.14778982,0.12242222,0.09690685,-0.23139334,-0.20148614,0.09075889,-0.0036678717,0.18856715,-0.31589088,-0.15600888,0.1312947,-0.24042119,-0.10579662,0.1885078,-0.17852612,-0.063222714,0.15604208,-0.2006826,0.25414407,-0.12568288,0.12388194,0.17808366,-0.24439561
https://example.org/bda/health-risk/aggregate-measurement/heart-disease-health-indicators/age-3/gender-male/difficulty-walking,0.2508096,-0.07504768,0.18499614,-0.2129936,0.100413196,-0.04874894,-0.1819213,-0.13194221,-0.015813135,-0.17033857,0.08823681,0.15834826,-0.07906762,-0.30869368,0.21605816,0.08394756,0.112697996,-0.23827401,-0.0847425,0.111635216,-0.11915421,-0.2127321,0.17840004,-0.1707837,-0.1241447,0.15506972,-0.1986688,0.31115907,-0.15407194,0.22105345,0.2876445,-0.17566094
https://example.org/bda/health-risk/aggregate-measurement/heart-disease-health-indicators/age-3/gender-male/general-health-score,-0.1935238,-0.1342002,0.18786116,-0.13633746,0.1346429,-0.03713277,-0.1416659,-0.12466907,-0.05353794,0.17405203,0.17004846,0.18480553,-0.18572101,-0.3677935,0.09680708,0.05234266,0.1269356,-0.15759566,-0.13551053,0.2096545,-0.18059681,-0.13110234,0.24000905,-0.15926185,-0.091902286,0.053516794,-0.16763918,0.28575042,-0.33404648,0.17549731,0.12484094,-0.20580962
https://example.org/bda/health-risk/aggregate-measurement/heart-disease-health-indicators/age-3/gender-male/heavy-alcohol,-0.30217883,-0.09204959,0.23254728,-0.09805351,0.15832968,-0.18385026,-0.13456291,-0.083420336,-0.07116781,0.19857481,0.121172845,0.2182264,0.08176711,-0.20237927,0.13084085,-0.06466013,-0.040320847,-0.2389556,0.08281063,0.2285852,-0.084840104,-0.1903181,0.15397662,-0.22288002,-0.06081077,0.19830929,-0.057975125,0.30835858,-0.06078155,0.29953012,0.29660642,0.13908523
https://example.org/bda/health-risk/aggregate-measurement/heart-disease-health-indicators/age-3/gender-male/high-blood-pressure,0.14271028,-0.122989394,0.15519926,-0.13628352,0.07192457,-0.17118995,0.2444732,-0.10212043,-0.21908459,-0.041787602,0.14243114,0.12560187,-0.31305522,0.13278404,0.1696219,0.044098776,0.18924165,-0.19517928,-0.1864409,0.19691518,-0.21313691,-0.1429354,0.27254406,-0.14535736,-0.088320225,0.1159853,-0.21684793,0.25046113,-0.1892001,0.14598003,0.20789005,-0.21206641
https://example.org/bda/health-risk/aggregate-measurement/heart-disease-health-indicators/age-3/gender-male/high-cholesterol,0.17200333,-0.17390083,0.26975536,-0.0556389,0.052569583,-0.28096336,-0.03812894,-0.1433837,-0.33073762,0.10969603,0.16944104,0.21210392,-0.14686123,-0.23780046,0.23642048,-0.040332653,0.07754063,-0.21351178,-0.16742514,0.14951004,-0.15414174,-0.10424445,0.2261495,-0.13753,-0.11921805,0.12028212,-0.24732643,0.18116994,-0.1780496,0.13426496,0.22030221,-0.04723382
https://example.org/bda/health-risk/aggregate-measurement/heart-disease-health-indicators/age-3/gender-male/mental-unhealthy-days,-0.16665114,-0.10562593,0.20851135,-0.23789425,0.108737625,-0.10778406,0.22610098,-0.1585527,-0.3142417,-0.18450618,0.09106784,0.30561873,-0.1470005,-0.09257091,0.089816414,-0.026384914,0.11312196,-0.20197856,-0.12283287,0.19923352,-0.17508473,-0.17081256,0.20925723,-0.16072981,-0.09721737,0.1764447,-0.17613798,0.13583727,-0.1917998,0.23663959,0.23775609,-0.103286214
https://example.org/bda/health-risk/aggregate-measurement/heart-disease-health-indicators/age-3/gender-male/physical-activity,-0.15693517,-0.09387895,0.19136003,-0.18017203,0.1365372,-0.12613082,0.16496643,-0.14051574,-0.12987325,-0.00070441246,0.14243841,0.22270231,-0.13388495,-0.029058753,0.22834715,0.08777786,0.1495314,-0.17918932,-0.10271267,0.16320154,-0.18058784,-0.08774734,0.3362925,-0.1695384,-0.033378057,0.14137135,-0.26569647,0.38729373,-0.1475626,0.23753047,0.15938966,-0.1774989
https://example.org/bda/health-risk/aggregate-measurement/heart-disease-health-indicators/age-3/gender-male/physical-unhealthy-days,-0.27896166,-0.11845438,0.18801494,-0.1783977,0.108607076,-0.08067894,0.2642194,-0.17699483,-0.23134798,0.19159648,0.090749204,0.22121371,-0.20494239,-0.27604014,0.048235163,-0.026251908,0.10777184,-0.22938097,-0.1796201,0.1950622,-0.12739459,-0.18818744,0.2338743,-0.20946522,-0.08628024,0.08072311,-0.1685466,0.16180715,-0.16468194,0.12661469,0.17498013,-0.1607269
https://example.org/bda/health-risk/aggregate-measurement/heart-disease-health-indicators/age-3/gender-male/smoking,-0.24869782,-0.09359222,0.19885768,-0.18342783,0.07591665,-0.08783233,0.2648758,-0.18169884,-0.18173201,0.13210927,0.14951374,0.28636152,-0.2783846,0.08304198,0.16062532,-0.023775784,0.16535597,-0.19365872,-0.0790606,0.10335158,-0.18083389,-0.1830836,0.27124968,-0.08727686,-0.048142128,0.09634999,-0.17657283,0.27849162,-0.2355244,0.08937943,0.20725562,-0.1341917
https://example.org/bda/health-risk/aggregate-measurement/heart-disease-health-indicators/age-4/gender-female/age-years,0.12186413,-0.12519222,0.08825519,0.22348039,-0.09023357,0.25593948,-0.14516388,-0.19395459,-0.12957276,-0.08799095,0.16076173,-0.16544616,-0.27816123,0.2093278,0.057509743,0.14610492,0.22287317,0.2949628,-0.045642696,0.20084752,-0.18432644,-0.13796224,0.2902063,-0.14843781,-0.03601512,-0.15108633,-0.1458355,0.18659233,-0.15422307,-0.14261498,0.23146254,-0.19885215
https://example.org/bda/health-risk/aggregate-measurement/heart-disease-health-indicators/age-4/gender-female/body-mass-index,0.2141115,-0.13903424,0.11897999,0.2738497,-0.11190826,0.244139,0.21330988,-0.17375106,0.035533022,0.15469854,0.10286861,-0.23238344,-0.12591743,-0.1059129,0.15945053,0.052488938,0.23362406,0.22822538,0.14770412,0.056238845,-0.22755377,-0.1086681,0.30867133,-0.16745682,-0.10961506,-0.120695025,-0.21155444,0.3050161,0.08607584,-0.19560131,0.13745128,-0.07305631
https://example.org/bda/health-risk/aggregate-measurement/heart-disease-health-indicators/age-4/gender-female/difficulty-walking,0.3141553,0.0047962344,0.08245429,0.17655638,-0.0674679,0.2434722,-0.09231766,-0.20596246,-0.27233264,-0.11112725,0.20060739,-0.18343237,-0.13723397,-0.17762442,0.17826167,0.12522891,0.2172159,0.12161462,-0.03565245,0.1485642,-0.20536113,-0.107604206,0.3332569,-0.07384648,-0.13002099,-0.09011714,-0.21379855,0.2143958,-0.14163327,-0.11974882,0.14749664,-0.2487028
https://example.org/bda/health-risk/aggregate-measurement/heart-disease-health-indicators/age-4/gender-female/general-health-score,-0.056764144,-0.20148204,0.10710221,0.18546078,-0.15138415,0.15553993,-0.022790723,-0.09700779,0.017788742,0.105445534,0.14766476,-0.2048474,-0.2503668,-0.23581739,0.1701754,0.059407864,0.14356257,0.089842714,-0.06567238,0.06837557,-0.07112491,-0.15625837,0.30852664,-0.12500244,-0.044295155,-0.12969069,-0.22220543,0.30442733,-0.21798992,-0.26127335,0.3532755,-0.21888821
https://example.org/bda/health-risk/aggregate-measurement/heart-disease-health-indicators/age-4/gender-female/heavy-alcohol,-0.18334787,-0.14338219,0.10157309,0.27350232,-0.12526616,0.18970105,-0.08989342,-0.1106536,-0.2544316,0.20937534,0.13485272,-0.2308818,-0.21153057,-0.09684455,0.030619755,0.039921947,0.19281764,0.34079552,-0.07077318,0.08087053,-0.18974458,-0.12868032,0.19188388,-0.27590898,-0.15076506,-0.16153961,-0.12949853,0.16312723,-0.19366185,-0.1933805,0.22316891,-0.06851425
https://example.org/bda/health-risk/aggregate-measurement/heart-disease-health-indicators/age-4/gender-female/high-blood-pressure,0.07465751,-0.10428509,0.14024955,0.26908207,-0.060567643,0.24069037,0.04911494,-0.20211339,-0.19986905,0.0122168455,0.108538516,-0.11379631,-0.22967096,-0.16760704,0.019790014,0.18705218,0.16304903,0.16784887,-0.057985663,0.17000237,-0.21205984,-0.31940904,0.2554672,-0.2001023,-0.19658457,-0.12770303,-0.20627469,0.20106949,-0.20904803,-0.08366453,0.24682388,-0.12920241
https://example.org/bda/health-risk/aggregate-measurement/heart-disease-health-indicators/age-4/gender-female/high-cholesterol,-0.018992964,-0.11590748,0.14746316,0.1665184,-0.13597032,0.18666083,0.05660701,-0.15803751,-0.1613623,0.12294167,0.12788166,-0.09598609,-0.23862082,-0.15627207,0.13610469,0.1313197,0.15959765,0.3055106,0.04157539,0.14213707,-0.19079106,-0.14831558,0.25505063,-0.21343613,-0.10075763,-0.119092904,-0.2938918,0.25789475,-0.19225167,-0.20190091,0.26818764,-0.18644026
https://example.org/bda/health-risk/aggregate-measurement/heart-disease-health-indicators/age-4/gender-female/mental-unhealthy-days,-0.22759575,-0.081630506,0.07856236,0.2639552,-0.080597095,0.17203657,0.32777753,-0.19615336,0.03247918,-0.21526656,0.1837992,-0.117259555,-0.10815596,-0.1850115,0.08088348,0.16409138,0.20953749,0.21843842,0.00811434,0.15476704,-0.16517094,-0.19111791,0.31305453,-0.23164505,-0.10166431,-0.08491717,-0.10561543,0.22055537,-0.16358109,-0.21756132,0.12211087,-0.10911068
https://example.org/bda/health-risk/aggregate-measurement/heart-disease-health-indicators/age-4/gender-female/physical-activity,-0.39149997,-0.094158985,0.097913414,0.16768512,-0.0814984,0.12002652,-0.11966229,-0.14121866,0.021179244,0.25480914,0.18339117,-0.18435924,-0.16805318,0.0626111,0.22192325,0.13368778,0.17201377,0.10160535,-0.0014278358,0.17408153,-0.16004585,-0.1332995,0.32748282,-0.18280827,-0.10182934,-0.08447377,-0.18791914,0.3451681,-0.111907676,-0.18072447,0.15587756,-0.12983419
https://example.org/bda/health-risk/aggregate-measurement/heart-disease-health-indicators/age-4/gender-female/physical-unhealthy-days,-0.08061684,-0.16255596,0.08352864,0.20815167,-0.118825965,0.17729531,0.20937943,-0.20848219,-0.042730246,0.16810384,0.05873908,-0.23202075,-0.14023566,-0.102234066,0.008592268,0.12208675,0.22571182,0.14205822,0.03897295,0.15044698,-0.22258836,-0.11525972,0.33462808,-0.2419805,-0.08283728,-0.13863522,-0.2965281,0.31814855,0.009070546,-0.15429285,0.21417814,-0.19447003
https://example.org/bda/health-risk/aggregate-measurement/heart-disease-health-indicators/age-4/gender-female/smoking,-0.17490494,-0.12656231,0.10965174,0.22649056,-0.068644024,0.11869118,0.13701884,-0.097716406,-0.29061237,0.13430065,0.13734484,-0.24531317,-0.06731921,0.18461609,0.08205476,0.10008678,0.1658028,0.27388203,0.0356524,0.23518722,-0.12059172,-0.17647666,0.22917202,-0.2833309,-0.13028996,-0.13640007,-0.18664739,0.28859517,-0.054556556,-0.26499724,0.15101023,-0.13700049
https://example.org/bda/health-risk/aggregate-measurement/heart-disease-health-indicators/age-4/gender-male/age-years,0.13509284,-0.079884596,-0.16019139,-0.33274665,-0.0874764,-0.26998305,-0.12459346,-0.17223327,-0.3996469,-0.0060087065,0.105487935,-0.19409586,-0.21023509,0.08740736,-0.04465454,0.052670266,0.1630367,-0.19512379,-0.12974313,0.17126788,-0.23275033,0.034023583,0.26118103,0.061833106,0.121324964,-0.1503074,-0.17039137,0.18757588,-0.2386476,0.074784555,-0.1765945,-0.121011704
https://example.org/bda/health-risk/aggregate-measurement/heart-disease-health-indicators/age-4/gender-male/body-mass-index,0.3314774,-0.04816774,-0.055178694,-0.27487925,-0.080959015,-0.2247602,0.29582974,-0.22816814,-0.21442927,0.1948373,0.15582277,-0.13953786,-0.21563105,-0.24202448,0.12680613,0.028765637,0.20862573,0.09054297,-0.12247922,0.121150255,-0.2002832,0.09890716,0.15179026,0.17817628,0.10563526,-0.07103648,-0.22070251,0.22162099,-0.04601128,0.07035345,-0.14978732,-0.18237695
https://example.org/bda/health-risk/aggregate-measurement/heart-disease-health-indicators/age-4/gender-male/difficulty-walking,0.1960589,-0.10345404,-0.09649004,-0.24395841,-0.026267946,-0.22907925,-0.117754996,-0.15637198,-0.39807066,-0.14075789,0.09787167,-0.106811725,-0.19236764,-0.13484852,0.18060695,0.120762765,0.19917327,-0.17540547,-0.13120528,0.16798404,-0.21025105,0.029664923,0.21126397,0.10441909,0.21331494,-0.11483756,-0.20580481,0.31416893,-0.19033252,0.0028941855,-0.12237149,-0.14643662
https://example.org/bda/health-risk/aggregate-measurement/heart-disease-health-indicators/age-4/gender-male/general-health-score,-0.028270714,-0.06679314,-0.13502455,-0.32589382,-0.01648185,-0.2492801,-0.119240746,-0.2112531,-0.16555013,0.13538119,0.08216726,-0.31208307,-0.14315253,-0.23012443,0.077466875,0.11834089,0.07287205,-0.23743738,-0.110817194,0.22469409,-0.05174238,0.11505508,0.27803496,0.20016488,0.17173572,-0.11950197,-0.20342535,0.21853207,-0.14771225,0.20870128,-0.18862796,-0.118734784
https://example.org/bda/health-risk/aggregate-measurement/heart-disease-health-indicators/age-4/gender-male/heavy-alcohol,-0.20291625,-0.07220906,-0.09080254,-0.24328429,-0.096078865,-0.25091025,-0.050900437,-0.17005087,-0.40757245,0.12470694,0.15404047,-0.23592359,-0.19149171,-0.17269054,0.16185571,0.057865396,0.17926241,-0.22506322,-0.11064389,0.22013253,-0.18901896,0.08948719,0.20319578,0.17549512,0.13268675,-0.1303448,-0.16058144,0.26276398,-0.1424644,0.052916292,-0.10742329,0.044899274
https://example.org/bda/health-risk/aggregate-measurement/heart-disease-health-indicators/age-4/gender-male/high-blood-pressure,0.31566697,-0.11927611,-0.081143975,-0.18031232,-0.09874578,-0.2563713,0.21843942,-0.18514751,-0.24649587,-0.15421216,0.09135781,-0.16552883,-0.21528363,0.23202774,0.18578976,0.1485432,0.18031375,-0.16672468,-0.14564836,0.1743605,-0.11962883,0.05832303,0.23125985,0.21932714,0.13093251,-0.18888144,-0.1749046,0.06450185,-0.13859029,0.12179475,-0.23220032,-0.0758325
https://example.org/bda/health-risk/aggregate-measurement/heart-disease-health-indicators/age-4/gender-male/high-cholesterol,0.26740307,-0.07378663,-0.038267706,-0.23870231,0.010268229,-0.35133573,-0.13019016,-0.2855309,-0.18695202,0.16405517,0.14879537,-0.09304689,-0.18242556,-0.19939202,0.0829123,0.11194703,0.1395195,-0.08688476,-0.08814713,0.0839293,-0.2153979,0.13066316,0.26546687,0.0976291,0.18864213,-0.057716783,-0.25874728,0.274003,-0.21561179,0.12843026,-0.16378859,-0.037766438
https://example.org/bda/health-risk/aggregate-measurement/heart-disease-health-indicators/age-4/gender-male/mental-unhealthy-days,-0.17291352,-0.032637827,-0.06483161,-0.18039976,-0.0990423,-0.1652501,0.27410272,-0.16735817,-0.3623126,-0.14567842,0.19471262,-0.1847864,-0.11098842,-0.19485687,0.12722808,-0.0062736413,0.11159823,-0.26159936,-0.08683996,0.12691207,-0.16935872,0.12986532,0.223181,0.15966672,0.2020479,-0.17344913,-0.21366276,0.21654351,-0.18495624,0.11261252,-0.19545126,-0.16442515
https://example.org/bda/health-risk/aggregate-measurement/heart-disease-health-indicators/age-4/gender-male/physical-activity,-0.101088434,-0.09789375,-0.07001017,-0.2069908,-0.06792112,-0.2990011,-0.23177016,-0.18809311,-0.30676973,0.14787431,0.16670363,-0.18716398,-0.1357512,0.1663073,0.23040937,0.104389,0.19316135,-0.17959821,-0.0625037,0.17232296,-0.23244344,0.1022311,0.284145,0.099204384,0.14214914,-0.13749671,-0.11052565,0.26797992,-0.06346789,0.14266211,-0.16715467,-0.16364856
https://example.org/bda/health-risk/aggregate-measurement/heart-disease-health-indicators/age-4/gender-male/physical-unhealthy-days,-0.27006173,-0.011939521,-0.0986153,-0.23251276,-0.12454836,-0.022952126,0.3107911,-0.2061859,-0.12571369,0.25369334,0.10211538,-0.1777376,-0.24918015,-0.28398302,-0.14557095,0.07677254,0.16873452,-0.21610717,-0.13442174,0.096888095,-0.1935598,0.012924451,0.23970479,0.17272864,0.23446998,-0.15799381,-0.12518676,0.14448121,-0.0970455,0.1777228,-0.11038904,-0.13696691
https://example.org/bda/health-risk/aggregate-measurement/heart-disease-health-indicators/age-4/gender-male/smoking,-0.27405757,-0.07491234,-0.087414786,-0.15557164,-0.08649036,-0.21640387,0.18356065,-0.16625202,-0.2468107,0.17076617,0.11556307,-0.21747051,-0.2134018,0.14527777,0.16214696,0.09601395,0.24193744,-0.13100123,-0.04639408,0.16341217,-0.23743461,0.10516893,0.26633927,0.17929111,0.18147863,-0.14441182,-0.15364593,0.2284099,-0.2058852,0.12924619,-0.19078447,-0.13704737
https://example.org/bda/health-risk/aggregate-measurement/heart-disease-health-indicators/age-5/gender-female/age-years,0.14944106,-0.0013428545,0.0881054,-0.07693702,-0.059793435,0.20972008,-0.23663177,0.094706744,-0.3379465,-0.18678224,0.1574204,-0.19770965,-0.10195117,0.31620017,0.09883198,-0.13885397,0.1400322,0.19812094,-0.059230268,-0.14117177,-0.15513964,0.16413206,0.31781474,0.23337309,0.02633498,-0.15479894,-0.19821353,0.24138139,-0.090770066,0.13762529,0.07299802,-0.235749
https://example.org/bda/health-risk/aggregate-measurement/heart-disease-health-indicators/age-5/gender-female/body-mass-index,0.31691825,-0.0713962,0.044431932,-0.14328118,0.035515472,0.15161534,0.3028296,0.16230133,-0.2532308,0.15875089,0.17775232,-0.13849835,-0.113234445,-0.27897555,0.14821975,-0.17245126,0.23340891,0.19001544,-0.027672598,-0.17983828,-0.17511219,0.15677753,0.20815691,0.108648784,-0.014553036,-0.14165567,-0.13483904,0.17697646,-0.10217573,0.18974908,0.26553708,-0.16247083
https://example.org/bda/health-risk/aggregate-measurement/heart-disease-health-indicators/age-5/gender-female/difficulty-walking,0.16915753,-0.105949916,0.046834704,-0.16518803,-0.015214934,0.207368,-0.17335424,0.14297478,-0.4537382,-0.07890443,0.13838415,-0.15981254,-0.20901318,-0.26419842,0.0710355,-0.15079051,0.12959139,0.27819148,-0.049711317,-0.13479988,-0.07511195,0.13264932,0.14110455,0.15619199,0.044523325,-0.077665985,-0.19360179,0.18607682,-0.34942102,0.09513221,0.120434634,-0.17534712
https://example.org/bda/health-risk/aggregate-measurement/heart-disease-health-indicators/age-5/gender-female/general-health-score,-0.22170518,-0.10054205,0.09659093,-0.12724489,-0.041446436,0.28408,-0.26246467,0.091628164,-0.3412622,0.110118344,0.21453424,-0.2425499,-0.052648753,-0.14668457,0.06669048,-0.16432199,0.19534895,0.13614741,-0.02019515,-0.18534802,-0.14110364,0.15002201,0.26058298,0.24906875,-0.056680743,-0.14217618,-0.099119514,0.18747315,-0.22709104,0.10767363,0.12972265,-0.23266086
https://example.org/bda/health-risk/aggregate-measurement/heart-disease-health-indicators/age-5/gender-female/heavy-alcohol,-0.22214957,-0.03858771,0.058137193,-0.108169645,-0.013907003,0.22181436,-0.1781504,0.09301087,-0.31738302,0.090058096,0.17272483,-0.17082945,-0.13061225,-0.17280018,0.147176,-0.12702452,0.21832295,0.29199228,0.005480657,-0.18158188,-0.18423957,0.20778242,0.28723752,0.16647173,0.020768171,-0.12997808,-0.19844759,0.18810001,-0.21341337,0.18640463,0.22917351,-0.11644005
https://example.org/bda/health-risk/aggregate-measurement/heart-disease-health-indicators/age-5/gender-female/high-blood-pressure,0.13058156,-0.08713461,0.096982345,-0.1792791,2.0194688e-05,0.30120057,0.008602808,0.1243882,-0.34093884,0.08022161,0.083667465,-0.10618679,0.024179127,-0.030785717,0.13341947,-0.17481476,0.103150055,0.15608342,0.124983154,-0.2643537,-0.12684599,0.1335254,0.32598194,0.30088997,0.020679953,-0.14310452,-0.19140112,0.34176505,-0.1437239,0.22218256,0.17470986,-0.1028788
https://example.org/bda/health-risk/aggregate-measurement/heart-disease-health-indicators/age-5/gender-female/high-cholesterol,0.2246718,-0.036948286,0.11885449,-0.25128272,-0.026301108,0.16888978,-0.19158861,0.15253152,-0.18765727,0.18610372,0.17851712,-0.15376928,0.048553757,-0.14502151,0.13122843,-0.2267614,0.102617964,0.16584052,0.19826195,-0.3036151,-0.11128129,0.23208924,0.16744542,0.27710477,0.05445667,-0.09294778,-0.06897724,0.35835364,-0.10527418,0.21198776,0.06073266,0.13863505
https://example.org/bda/health-risk/aggregate-measurement/heart-disease-health-indicators/age-5/gender-female/mental-unhealthy-days,-0.18575783,-0.10599004,0.13617347,-0.14875792,-0.04473206,0.24086191,0.20703253,0.14464629,-0.26280025,-0.085014224,0.109632924,-0.26791072,-0.16219302,0.12775171,0.059327137,-0.22137907,0.17908,0.22226533,-0.031563286,-0.25353122,-0.1860471,0.1966561,0.23914126,0.2680397,-0.089930154,-0.07574209,-0.080079645,0.16920583,-0.20647663,0.1484676,0.18851863,-0.19077794
https://example.org/bda/health-risk/aggregate-measurement/heart-disease-health-indicators/age-5/gender-female/physical-activity,-0.10074421,-0.038235586,0.080630586,-0.16708574,-0.021973617,0.22148396,-0.21087097,0.082754046,-0.30116388,0.15258424,0.10152104,-0.2465003,-0.13969414,0.2445383,0.13357462,-0.15824556,0.20492838,0.18788348,-0.038726714,-0.18824056,-0.14135551,0.24088818,0.28508222,0.16661336,0.045900255,-0.15694359,-0.18605897,0.2286053,-0.19645359,0.15063834,0.15275483,-0.21531859
https://example.org/bda/health-risk/aggregate-measurement/heart-disease-health-indicators/age-5/gender-female/physical-unhealthy-days,-0.29685542,-0.08052784,0.08728554,-0.18260154,-0.07056023,0.35356757,0.19854902,0.071952134,-0.31037235,0.13071261,0.09023431,-0.14254765,-0.12856176,-0.21381025,-0.16522641,-0.1498534,0.14407846,0.15325464,-0.03534332,-0.16523951,-0.063160636,0.13530412,0.2651048,0.19638595,-0.019237902,-0.15117624,-0.14660068,0.17336683,-0.23832294,0.23404601,0.16339198,-0.1377575
https://example.org/bda/health-risk/aggregate-measurement/heart-disease-health-indicators/age-5/gender-female/smoking,-0.19139647,-0.08485334,0.0914103,-0.19101128,0.037096683,0.22402857,0.1855093,0.22208692,-0.15215112,0.16490589,0.15791051,-0.18122363,-0.06687672,0.30112907,-0.0077259205,-0.097909585,0.20726544,0.16545129,-0.008701328,-0.2173381,-0.12246942,0.1843658,0.26531434,0.25170875,-0.016288513,-0.09088377,-0.22405545,0.14607596,-0.35274255,0.17565764,0.10865648,-0.12477826
https://example.org/bda/health-risk/aggregate-measurement/heart-disease-health-indicators/age-5/gender-male/age-years,0.18997997,0.090777494,-0.045985438,-0.1083464,0.17980815,0.22472286,-0.17679285,-0.2094813,-0.12708692,-0.1300705,0.1703563,0.1827554,-0.25973904,0.24878049,0.1260352,-0.02782607,0.21461381,-0.11820499,-0.18198606,-0.02585973,-0.24366653,0.1984873,0.33602855,-0.1341322,0.09547622,0.08829434,-0.19430245,0.282209,-0.114296824,-0.0022424385,-0.13777594,-0.22909428
https://example.org/bda/health-risk/aggregate-measurement/heart-disease-health-indicators/age-5/gender-male/body-mass-index,0.4062325,0.023380922,0.0020048788,-0.19068806,0.059710763,0.25869146,0.24711539,-0.1690225,-0.25645342,0.080671996,0.07939138,0.30648285,-0.16018116,-0.12205607,0.06647803,-0.22398607,0.23981375,-0.16198988,-0.14977251,0.051648133,-0.08084213,0.20873618,0.15835144,-0.047697533,0.06867179,0.09976893,-0.11809279,0.23337625,0.0059879944,-0.19003604,-0.23029284,-0.1082302
https://example.org/bda/health-risk/aggregate-measurement/heart-disease-health-indicators/age-5/gender-male/difficulty-walking,0.20156659,0.10806854,-0.09374744,-0.2707244,0.1375086,0.3593151,-0.12849279,-0.07582675,-0.32359406,-0.021969017,0.14260866,0.2515305,-0.283058,-0.12607095,0.098691024,-0.1067575,0.21175046,-0.1720984,-0.09661625,0.13911426,-0.11067507,0.15332599,0.16838898,-0.2191561,0.14136404,0.091503836,-0.14825568,0.14854243,-0.19845772,-0.070306115,-0.21829721,-0.09855603
https://example.org/bda/health-risk/aggregate-measurement/heart-disease-health-indicators/age-5/gender-male/general-health-score,-0.18942857,0.16395965,-0.027426103,-0.22370788,0.15244883,0.31294614,-0.05620881,-0.14920446,-0.26561496,0.13621798,0.13313839,0.22891435,-0.20027152,-0.23102956,0.18052559,-0.17059502,0.16432577,-0.10862554,-0.12043551,0.13485453,-0.08407206,0.20892872,0.24668638,-0.09516515,0.15265109,0.14303824,-0.13974385,0.11977722,-0.17761734,-0.23273402,-0.24652007,-0.095835574
https://example.org/bda/health-risk/aggregate-measurement/heart-disease-health-indicators/age-5/gender-male/heavy-alcohol,-0.26121497,0.051355083,-0.090352945,-0.14534698,0.11483015,0.2562668,-0.38702554,-0.09623804,-0.044376727,0.17956921,0.15355982,0.29022327,-0.1943673,-0.189962,0.18805337,-0.079262905,0.1362447,-0.18293545,-0.09724157,0.16752005,-0.0783623,0.18806776,0.2222046,-0.18328111,0.12780847,0.14779446,-0.13109864,0.25156963,-0.20646517,-0.07651762,-0.1476732,0.037801195
https://example.org/bda/health-risk/aggregate-measurement/heart-disease-health-indicators/age-5/gender-male/high-blood-pressure,0.19360724,0.0563674,-0.046595346,-0.14974156,0.13575688,0.30425912,0.42527404,-0.078625485,-0.3305002,-0.07003673,0.12057025,0.15711123,-0.24249546,0.1798703,0.12719023,-0.076162525,0.22493574,-0.06523723,-0.16662806,0.042473707,-0.03288554,0.16065423,0.2583286,-0.15318292,0.12478439,0.07497531,-0.13552728,0.19211261,-0.13162595,-0.09846069,-0.17755474,-0.1835373
https://example.org/bda/health-risk/aggregate-measurement/heart-disease-health-indicators/age-5/gender-male/high-cholesterol,0.20624828,-0.031603254,0.0037863113,-0.107226916,0.05404502,0.2570685,-0.03732241,-0.16322657,0.08315385,0.13206731,0.08954713,0.14446105,-0.32170275,0.11704685,0.24687381,-0.14723179,0.16953616,-0.007537183,-0.12959522,0.04664989,-0.121646106,0.11816976,0.32135373,-0.08379346,0.04462394,0.06883591,-0.2797251,0.3494093,-0.20224565,-0.32184094,-0.15711331,-0.17831267
https://example.org/bda/health-risk/aggregate-measurement/heart-disease-health-indicators/age-5/gender-male/mental-unhealthy-days,-0.19421367,0.13321447,-0.08201401,-0.18373244,0.12686795,0.24969934,0.0075869057,-0.074303806,-0.14194489,-0.02712014,0.11144817,0.20372489,-0.3113217,-0.16386682,0.14485896,-0.21649495,0.24489762,-0.19956033,-0.043270525,0.06909715,-0.15803736,0.23192374,0.24369423,-0.12770876,0.13196653,0.13004564,-0.19869584,0.26828042,-0.21408506,-0.20277785,-0.23200493,-0.0782645
https://example.org/bda/health-risk/aggregate-measurement/heart-disease-health-indicators/age-5/gender-male/physical-activity,-0.14748661,0.110165924,-0.051449485,-0.099156484,0.093189746,0.23481593,-0.16912994,-0.05543886,-0.0598162,0.28562906,0.15299377,0.14593548,-0.23409693,0.26246616,0.07273627,-0.11292076,0.29077426,-0.04710659,-0.1761003,0.008873201,-0.15191537,0.1467775,0.36396107,-0.17289737,0.1031668,0.087723166,-0.03200431,0.34229776,-0.09104455,-0.18360345,-0.24527802,-0.15165758
https://example.org/bda/health-risk/aggregate-measurement/heart-disease-health-indicators/age-5/gender-male/physical-unhealthy-days,-0.15376595,0.13314599,-0.12097738,-0.19778775,0.19458455,0.25327063,0.363518,-0.17627473,-0.15785557,0.05443776,0.12016471,0.20542437,-0.3039143,-0.08835228,-0.018428266,-0.11439103,0.20702527,-0.18771425,-0.10939637,0.14942347,-0.12646553,0.092986226,0.19801486,-0.26210925,0.09926224,0.12880583,-0.081160136,0.1810231,-0.12120961,-0.2456331,-0.17213674,-0.16164462
https://example.org/bda/health-risk/aggregate-measurement/heart-disease-health-indicators/age-5/gender-male/smoking,-0.095465496,0.1162924,-0.04255966,-0.08536952,0.12174881,0.37913182,0.12390632,-0.14106564,-0.093402356,0.21052922,0.08778577,0.29791948,-0.2834438,0.30463982,0.15963441,-0.11406255,0.19491947,-0.0045140195,-0.0046495036,0.015383219,-0.14101422,0.19890259,0.277248,-0.18929386,0.13342734,0.17937784,-0.065543845,0.25400016,-0.10340034,-0.1581451,-0.13920091,-0.17032646
https://example.org/bda/health-risk/aggregate-measurement/heart-disease-health-indicators/age-6/gender-female/age-years,0.28133404,0.11359556,0.1069085,0.14605315,-0.08228251,0.2493331,-0.26353306,-0.120639615,-0.07259303,-0.20982713,0.11387531,0.08871481,-0.30562186,0.316716,-0.07777724,-0.08113353,0.13618103,0.17637879,-0.2052778,-0.2209407,-0.17826617,0.071940355,0.2634414,0.034794122,0.02965011,0.10644355,-0.18599392,0.017452415,-0.20270552,-0.17192066,-0.12619382,-0.25280625
https://example.org/bda/health-risk/aggregate-measurement/heart-disease-health-indicators/age-6/gender-female/body-mass-index,0.2827951,0.10478274,0.0844671,0.1580966,-0.092532896,0.15851597,0.24266027,-0.08090795,-0.18904965,0.21420377,0.09722365,0.23666297,-0.17327167,-0.38154802,0.01178378,-0.12026084,0.16922174,0.18663426,-0.12338786,-0.21040487,-0.16904545,0.14218639,0.17140597,0.046615705,0.12224903,0.11177405,-0.21378951,0.21816455,-0.04400465,-0.24062417,-0.14640187,-0.1875923
https://example.org/bda/health-risk/aggregate-measurement/heart-disease-health-indicators/age-6/gender-female/difficulty-walking,-0.037912704,0.1493102,0.11765836,0.24917896,-0.07352955,0.3255227,-0.1318173,-0.11182549,-0.24587913,0.074838795,0.1678798,0.21619268,-0.08057139,-0.05777367,0.14184192,-0.14342172,0.15916339,0.24408323,-0.063052095,-0.19699867,-0.112646766,0.051933173,0.29240537,0.13053046,0.14735034,0.16130352,-0.12860906,0.2530369,0.028818728,-0.289844,-0.29497433,-0.14770396
https://example.org/bda/health-risk/aggregate-measurement/heart-disease-health-indicators/age-6/gender-female/general-health-score,-0.071712196,0.10076749,0.095025785,0.21761622,-0.039324094,0.26013893,-0.21582925,-0.09981535,-0.16094053,0.0935958,0.21682963,0.10093025,-0.10691356,-0.232976,0.18789668,-0.079459205,0.17726365,0.160208,-0.10566212,-0.19757278,-0.14996701,0.13467033,0.32995838,0.13275948,0.10442083,0.114139155,-0.19470572,0.33571064,-0.14213319,-0.20934562,-0.24624465,-0.1724572
https://example.org/bda/health-risk/aggregate-measurement/heart-disease-health-indicators/age-6/gender-female/heavy-alcohol,-0.21098408,0.08968478,0.08186596,0.17949666,-0.05811332,0.22769246,-0.20201978,-0.061748885,-0.17797428,0.18877664,0.21043411,0.1907292,-0.2217841,-0.19344725,0.092464514,-0.12170368,0.18687193,0.18195724,-0.20359848,-0.14406745,-0.20418113,0.1343013,0.23850627,0.05891617,0.12366201,0.089864776,-0.22986387,0.3453742,-0.22157292,-0.15082905,-0.18187177,0.0013064148
https://example.org/bda/health-risk/aggregate-measurement/heart-disease-health-indicators/age-6/gender-female/high-blood-pressure,-0.006614252,0.117967755,0.08660999,0.24833262,-0.056309544,0.21665822,0.051276635,-0.17828658,-0.121453315,-0.030073766,0.11587345,0.32843235,-0.24248162,-0.07664994,0.065828584,-0.07106632,0.19745512,0.24196926,-0.17852806,-0.2221159,-0.1834746,0.09993245,0.2923775,0.07660094,0.15462027,0.17684528,-0.24121477,0.2728175,-0.16600613,-0.23849015,-0.16233093,-0.09490385
https://example.org/bda/health-risk/aggregate-measurement/heart-disease-health-indicators/age-6/gender-female/high-cholesterol,0.3005558,0.13846307,0.12883319,0.22788878,-0.044649065,0.109846495,-0.29460883,-0.07040105,-0.16231003,0.1753041,0.16220547,0.11179332,-0.13824235,-0.13951261,0.23738262,-0.08594068,0.14185645,0.1924035,-0.11695469,-0.22988737,-0.12615894,0.06542474,0.2259844,0.17560099,0.086509265,0.06749297,-0.2389813,0.28592387,-0.21973494,-0.2021008,-0.20853092,0.09311198
https://example.org/bda/health-risk/aggregate-measurement/heart-disease-health-indicators/age-6/gender-female/mental-unhealthy-days,-0.122027785,0.11597265,0.1034032,0.27658215,-0.08326027,0.20583819,0.31491616,-0.116163954,-0.27097595,-0.112669244,0.15410897,0.18152474,-0.193866,-0.14323209,0.02585439,-0.1252538,0.18739128,0.20559032,-0.1541641,-0.2064292,-0.19672287,0.06965375,0.20171423,0.13681094,0.078952566,0.14443871,-0.19116528,0.12470881,-0.25982523,-0.22737166,-0.23104961,-0.08196846
https://example.org/bda/health-risk/aggregate-measurement/heart-disease-health-indicators/age-6/gender-female/physical-activity,-0.0101337675,0.1769237,0.1109282,0.16013555,-0.07989899,0.18892717,0.107820086,-0.15690348,-0.19453193,0.036780197,0.1441891,0.22482336,-0.21271129,0.054908548,0.095175035,-0.21903528,0.22407246,0.13404444,-0.23150821,-0.17132711,-0.15942696,0.18560432,0.3020354,0.13170677,0.22546147,0.04550948,-0.19405492,0.27653283,-0.1304261,-0.27871716,-0.21917559,-0.084682554
https://example.org/bda/health-risk/aggregate-measurement/heart-disease-health-indicators/age-6/gender-female/physical-unhealthy-days,-0.2931939,0.051825687,0.16738823,0.18772615,-0.08640525,0.1773567,0.36809656,-0.112284236,0.02707749,0.31176206,0.09699369,0.14045663,-0.11059516,-0.13926786,0.040173195,-0.10389608,0.1989557,0.108954735,-0.062685266,-0.18640654,-0.19304603,0.16595723,0.23696566,0.1409286,0.14195769,0.19366735,-0.15007514,0.24513578,-0.039963946,-0.2569496,-0.14267312,-0.17539981
https://example.org/bda/health-risk/aggregate-measurement/heart-disease-health-indicators/age-6/gender-female/smoking,-0.30803776,0.1266794,0.06568135,0.20932868,-0.02639775,0.19356218,0.22934882,-0.06618142,-0.13604625,0.15814032,0.1327904,0.2462954,-0.15151761,0.25812063,0.17686123,-0.13461824,0.2542119,0.14850682,-0.11635394,-0.18227261,-0.2388369,0.117506765,0.24299075,0.10838513,0.11423178,0.1443642,-0.18924445,0.23993456,-0.14001833,-0.12145807,-0.16295055,-0.14739968
https://example.org/bda/health-risk/aggregate-measurement/heart-disease-health-indicators/age-6/gender-male/age-years,0.115770176,0.048421904,-0.079301275,-0.18955478,0.1262309,0.12890181,-0.31037793,0.12823577,-0.23224574,-0.16535303,0.122915,0.30496886,-0.14554971,0.32207236,-0.083738476,0.065075256,0.16911466,0.1935861,-0.09148573,-0.26891446,-0.2098676,-0.09562146,0.2542743,-0.2041267,0.091082826,-0.16383749,-0.124078386,0.16482668,-0.17160615,0.1434078,0.088364206,-0.17132542
https://example.org/bda/health-risk/aggregate-measurement/heart-disease-health-indicators/age-6/gender-male/body-mass-index,0.30573443,0.1630423,-0.15070722,-0.18947387,0.08427545,0.15568788,0.12660153,0.09006958,0.23452656,0.16744946,0.16445443,0.18962792,-0.17194204,-0.20073712,0.16318053,0.07229209,0.22765872,0.27747804,-0.10914516,-0.21932802,-0.2121701,-0.17139836,0.13782497,-0.24851273,0.07419058,-0.1660196,-0.19921498,0.27195296,-0.1261352,0.011980575,-0.04678391,-0.09564353
https://example.org/bda/health-risk/aggregate-measurement/heart-disease-health-indicators/age-6/gender-male/difficulty-walking,0.15665136,0.1685001,-0.1969464,-0.16583017,0.07903878,0.06677953,-0.17918667,0.16865408,0.330025,-0.19772832,0.10689382,0.24074794,0.1253009,-0.23958781,0.16089974,0.15970904,0.20657712,0.044247817,0.1660062,-0.19182347,-0.11299678,-0.25496325,0.16357127,-0.18462306,0.16476716,-0.20539956,-0.09933552,0.27534336,-0.019962562,0.21110174,0.07681568,-0.118915334
https://example.org/bda/health-risk/aggregate-measurement/heart-disease-health-indicators/age-6/gender-male/general-health-score,0.02825359,0.15598984,-0.119319186,-0.17875008,0.11626336,0.05024203,-0.15018697,0.16239034,-0.07588584,0.20564812,0.13849498,0.19073454,-0.154654,-0.2096297,0.10200358,0.11398054,0.21556976,0.1812691,-0.01621195,-0.18578276,-0.19553125,-0.09622716,0.2866664,-0.22724527,0.07842776,-0.24268413,-0.24514672,0.24839067,-0.33823094,0.1810626,-0.013631295,-0.19802782
https://example.org/bda/health-risk/aggregate-measurement/heart-disease-health-indicators/age-6/gender-male/heavy-alcohol,-0.28021154,0.123848274,-0.18765987,-0.17451772,0.12863865,0.03478112,-0.18294261,0.121647716,0.09664403,0.22425866,0.16855839,0.17433771,-0.16258436,-0.20699307,0.070378155,0.15025578,0.20770805,0.13274093,-0.07341433,-0.14972681,-0.3074743,-0.19055185,0.16644037,-0.2326615,0.078465186,-0.19409424,-0.18624341,0.12495948,-0.31694594,0.2406332,0.07209069,-0.016046032
https://example.org/bda/health-risk/aggregate-measurement/heart-disease-health-indicators/age-6/gender-male/high-blood-pressure,0.28600082,0.19582683,-0.17194547,-0.14086702,0.08179739,-0.0031007682,0.22382885,0.16799961,0.20164669,-0.20762524,0.10978451,0.16807958,-0.059469815,0.19447483,0.07846834,0.14599961,0.17412189,0.14667365,-0.051436193,-0.28716913,-0.07905421,-0.15453513,0.28012368,-0.16251376,0.121514276,-0.2939274,-0.11642793,0.2929481,-0.19617234,0.1458054,0.020188812,-0.14100437
https://example.org/bda/health-risk/aggregate-measurement/heart-disease-health-indicators/age-6/gender-male/high-cholesterol,0.24920385,0.27057442,-0.13282594,-0.2317627,0.15334024,-0.13599156,-0.24149834,0.19706611,-0.15589711,0.092089124,0.15632537,0.23330836,-0.06637753,-0.21613567,0.06990744,0.17994602,0.07215137,0.08453279,-0.034575734,-0.20489486,-0.0040142983,-0.15865447,0.2494957,-0.310408,0.07312915,-0.1822434,-0.22926931,0.25581014,-0.20633432,0.092161395,-0.054351628,0.06496749
https://example.org/bda/health-risk/aggregate-measurement/heart-disease-health-indicators/age-6/gender-male/mental-unhealthy-days,-0.14735076,0.13394302,-0.1048228,-0.21028315,0.07044746,-0.03667431,0.2689019,0.13068494,-0.058781594,-0.17479256,0.168315,0.17861904,-0.19425629,-0.0784671,0.08769633,0.073152974,0.27279386,0.14749543,-0.018301155,-0.20215818,-0.21622026,-0.12885123,0.26348323,-0.19934478,0.11795228,-0.24215402,-0.26382193,0.22634637,-0.3348905,0.07711841,-0.011899002,-0.1917088
https://example.org/bda/health-risk/aggregate-measurement/heart-disease-health-indicators/age-6/gender-male/physical-activity,-0.23946527,0.12722911,-0.13098669,-0.30901942,0.041132163,0.194798,-0.20181547,0.110626176,0.07139078,0.24365757,0.13690838,0.25312188,-0.03750298,0.24978963,0.06356946,0.11143153,0.19932033,0.11331703,0.013395279,-0.20179962,-0.22195481,-0.17085642,0.27187645,-0.18141921,0.08614385,-0.24617654,-0.11998745,0.23056462,-0.097650215,0.18418114,0.044664156,-0.18407044
https://example.org/bda/health-risk/aggregate-measurement/heart-disease-health-indicators/age-6/gender-male/physical-unhealthy-days,-0.28127605,0.17555898,-0.14040232,-0.30878052,0.048516233,0.05883508,0.23618956,0.029915407,0.2779694,0.19242524,0.083156556,0.2917365,-0.18853846,-0.23037581,-0.07853294,0.11302654,0.23538001,0.09830209,-0.034081254,-0.15305577,-0.19751702,-0.1416619,0.21595079,-0.18011306,0.08167425,-0.14798835,-0.0987404,0.15423447,-0.23800382,0.104061656,0.010051774,-0.20280766
https://example.org/bda/health-risk/aggregate-measurement/heart-disease-health-indicators/age-6/gender-male/smoking,-0.22955407,0.09686864,-0.12174576,-0.20102113,0.093557134,0.16785501,0.15663934,0.18517958,0.11571805,0.12210327,0.17387587,0.22288054,0.013599082,0.1521563,0.117260054,0.12230399,0.1577554,0.25912744,0.03920057,-0.26718485,-0.18293345,-0.14321323,0.26956907,-0.2592045,0.12829284,-0.19414905,-0.2140457,0.29577628,-0.103252076,0.18243413,0.14181405,-0.12801284
https://example.org/bda/health-risk/aggregate-measurement/heart-disease-health-indicators/age-7/gender-female/age-years,0.1252042,0.18383572,0.06528863,0.08644038,-0.13126788,0.2890286,-0.24672821,-0.10236553,0.12881356,-0.31232002,0.10389545,-0.10966114,-0.01947427,0.41113377,0.055857316,0.12541522,-0.10145888,-0.14626873,-0.115774825,-0.24991553,-0.061122183,0.18055345,0.20670792,0.1569011,-0.10090615,-0.17536989,-0.0957979,0.13786243,0.118842326,0.13811438,0.21863042,-0.28302968
https://example.org/bda/health-risk/aggregate-measurement/heart-disease-health-indicators/age-7/gender-female/body-mass-index,0.2152363,0.13885617,0.087838754,0.19305937,-0.08753277,0.3743729,0.17448416,-0.079854555,0.1715093,0.13334139,0.20006195,-0.10911597,-0.08325434,-0.17004734,0.1787313,0.08571136,0.23699257,-0.06963898,-0.06489386,-0.18571636,-0.20156701,0.085542925,0.2998822,0.14072548,-0.07642627,-0.08408042,-0.25501978,0.27775806,-0.050765093,0.14694409,0.1916612,-0.2389677
https://example.org/bda/health-risk/aggregate-measurement/heart-disease-health-indicators/age-7/gender-female/difficulty-walking,0.27593303,0.15917979,0.06646745,0.09364998,-0.117685854,0.29242247,-0.106330335,-0.19461569,0.34788987,-0.1033392,0.12971282,-0.16743618,-0.08841183,-0.21953402,0.09986576,0.13365857,0.20753571,-0.06717069,-0.1062173,-0.15361176,-0.18787128,0.13778727,0.19513328,0.17908674,-0.04832421,-0.15085708,-0.22289124,0.29602885,-0.1700423,0.12813969,0.15412539,-0.19490741
https://example.org/bda/health-risk/aggregate-measurement/heart-disease-health-indicators/age-7/gender-female/general-health-score,-0.13282005,0.13244292,0.030591812,0.009852206,-0.015357929,0.23244622,-0.16679274,-0.16515054,0.11751479,0.185727,0.12973092,-0.22882369,-0.20562924,-0.2812961,0.060396884,0.19935605,0.16861403,-0.22006066,-0.16115274,-0.14578795,-0.1471987,0.11111449,0.23895557,0.20937914,-0.1132604,-0.14234467,-0.13140683,0.21977781,-0.30973306,0.20918038,0.20162933,-0.18462558
https://example.org/bda/health-risk/aggregate-measurement/heart-disease-health-indicators/age-7/gender-female/heavy-alcohol,-0.10084254,0.24117589,0.09837899,0.23813628,-0.08642228,0.10395012,-0.29743412,-0.23471774,0.2100893,0.17689995,0.13387942,-0.20279957,0.09772028,-0.027605627,0.1002247,0.17815657,0.18633576,-0.1472538,0.11396079,-0.18069755,-0.20823306,0.20929906,0.21662426,0.080419086,-0.06342298,-0.106209956,-0.0689608,0.2828824,0.014690988,0.24565214,0.22725032,0.2489515
https://example.org/bda/health-risk/aggregate-measurement/heart-disease-health-indicators/age-7/gender-female/high-blood-pressure,0.063110225,0.16180329,0.09884509,0.2205613,-0.06462846,0.14624414,0.2350021,-0.3062928,0.39963526,-0.112553194,0.093370594,-0.15733251,-0.103661664,0.14382602,0.076467626,0.19611597,0.17977326,-0.25263682,-0.14194122,-0.20238875,-0.105151914,0.12919316,0.26198685,0.125198,-0.0982823,-0.08644274,-0.15927133,0.23366764,-0.1277554,0.15041675,0.118769914,-0.18910523
https://example.org/bda/health-risk/aggregate-measurement/heart-disease-health-indicators/age-7/gender-female/high-cholesterol,0.32430264,0.15116423,0.08945302,0.110316224,-0.04068453,0.22316986,-0.13937503,-0.25109002,0.36570063,0.118926175,0.12947151,-0.13002655,-0.19257696,-0.21205683,0.09074523,0.14638339,0.16893986,-0.13909264,-0.15034129,-0.1881414,-0.17749332,0.14861165,0.18312477,0.13103385,-0.0800092,-0.15061566,-0.17488103,0.1853507,-0.20432706,0.22262472,0.17042013,-0.0068464656
https://example.org/bda/health-risk/aggregate-measurement/heart-disease-health-indicators/age-7/gender-female/mental-unhealthy-days,-0.18182613,0.14236304,0.094307855,0.04728351,-0.06289123,0.24621649,0.104882754,-0.24076389,0.41670543,-0.13044354,0.10669625,-0.22405477,-0.10867847,-0.07336671,0.005105531,0.15581834,0.20141919,-0.21722274,-0.07709539,-0.23422578,-0.1880622,0.22306646,0.20969205,0.13236994,-0.08452948,-0.12356301,-0.17262936,0.19441743,-0.19677496,0.18036099,0.21178897,-0.08341168
https://example.org/bda/health-risk/aggregate-measurement/heart-disease-health-indicators/age-7/gender-female/physical-activity,-0.045089576,0.15340383,0.045219384,0.14955013,-0.08053668,0.1887683,-0.22804438,-0.17212798,0.08371061,0.22206768,0.15445687,-0.056849726,-0.0043694405,0.22619195,0.19289248,0.14948024,0.24518032,-0.27074125,-0.08125519,-0.09247072,-0.20879608,0.13301885,0.37217537,0.056399193,-0.09307766,-0.14580907,-0.24484162,0.34155488,-0.08553424,0.055713654,0.12658851,-0.21817392
https://example.org/bda/health-risk/aggregate-measurement/heart-disease-health-indicators/age-7/gender-female/physical-unhealthy-days,-0.3410857,0.0934164,0.04097524,0.17219736,-0.0422738,0.30461195,0.20638314,-0.22775576,0.13745736,0.100490056,0.18890758,-0.15466343,-0.13445383,-0.15529342,0.02432403,0.12790854,0.20839095,-0.27628693,-0.10669591,-0.14111105,-0.14355467,0.109605335,0.2796604,0.09650383,-0.028575663,-0.13295667,-0.20057926,0.22238618,-0.14899398,0.10995599,0.21055399,-0.22092769
https://example.org/bda/health-risk/aggregate-measurement/heart-disease-health-indicators/age-7/gender-female/smoking,-0.18797046,0.26434806,0.070409514,0.17946336,-0.09548796,0.20924994,0.2198807,-0.16551194,0.2940813,0.09529536,0.123720355,-0.12406313,-0.18949693,0.22156884,0.07835466,0.08159441,0.20258465,-0.17436929,-0.11459368,-0.15803221,-0.17984271,0.21072944,0.26112774,0.14222774,-0.056593034,-0.13134632,-0.14605123,0.19272639,-0.08955456,0.19456008,0.28535795,-0.15480745
https://example.org/bda/health-risk/aggregate-measurement/heart-disease-health-indicators/age-7/gender-male/age-years,0.14227933,-0.17473924,0.11462165,0.22590628,-0.061972864,-0.30096775,-0.11676682,-0.09687243,0.45680958,-0.02647905,0.1615596,0.16464967,-0.13288265,0.1659105,0.0397728,-0.092104144,0.17638925,-0.14212063,-0.035072275,-0.29443404,-0.16177036,0.08767019,0.28198746,0.047420565,-0.12980276,-0.104367435,-0.23220348,0.084755875,-0.15603915,0.1756849,-0.16266799,-0.15621096
https://example.org/bda/health-risk/aggregate-measurement/heart-disease-health-indicators/age-7/gender-male/body-mass-index,0.20885628,-0.067444995,0.060697537,0.16969268,-0.05034477,-0.13693316,0.15798907,-0.1355085,0.38450462,0.08466402,0.19925676,0.10617236,-0.24544774,-0.11839563,0.14253335,-0.105708696,0.24007356,-0.16316235,-0.08547167,-0.09471517,-0.18329497,0.11221297,0.29141027,0.07030245,-0.063310705,-0.11796871,-0.28503758,0.23277447,-0.2078599,0.06462242,-0.19923231,-0.25687942
https://example.org/bda/health-risk/aggregate-measurement/heart-disease-health-indicators/age-7/gender-male/difficulty-walking,0.2368859,-0.08490641,0.09492279,0.31492886,-0.056257565,-0.20036595,-0.01870475,-0.15924706,0.46495926,-0.164793,0.10655162,0.17632584,-0.13771252,-0.09294246,0.029151672,-0.12005757,0.17043194,-0.21798268,-0.030012937,-0.20936754,-0.12497747,0.13413857,0.20258307,0.12403717,-0.12850277,-0.14086768,-0.20287788,0.11460496,-0.19489276,0.09405261,-0.22263853,-0.18007188
https://example.org/bda/health-risk/aggregate-measurement/heart-disease-health-indicators/age-7/gender-male/general-health-score,0.012139474,-0.12763382,0.058534916,0.2008107,-0.063271604,-0.24936405,-0.18359733,-0.14293675,0.24363454,0.1687923,0.12482654,0.15878218,-0.16175234,-0.22129798,0.057928056,-0.081297666,0.20183712,-0.2623647,-0.09843653,-0.16887039,-0.14090155,0.11445672,0.3364396,0.109660275,-0.12045125,-0.11343543,-0.25114658,0.10010908,-0.32386202,0.17612194,-0.2024616,-0.14974289
https://example.org/bda/health-risk/aggregate-measurement/heart-disease-health-indicators/age-7/gender-male/heavy-alcohol,-0.23925184,-0.17236638,0.13893956,0.27435267,-0.0624267,-0.3311735,-0.12631978,-0.1441774,0.26606795,0.1496718,0.19022599,0.25575736,-0.066317946,-0.11028991,0.06703848,-0.13514532,0.16896892,-0.17382868,-0.049208455,-0.17810698,-0.10651439,0.12092456,0.23350133,0.1822478,-0.110934965,-0.1792678,-0.20613071,0.20193018,-0.12496881,0.19297764,-0.17792591,-0.12331293
https://example.org/bda/health-risk/aggregate-measurement/heart-disease-health-indicators/age-7/gender-male/high-blood-pressure,0.23442593,-0.15343986,0.08072891,0.19365907,-0.10459629,-0.27414554,0.16270162,-0.104834564,0.3423578,-0.20311363,0.10983929,0.17279314,0.20605578,0.14633389,0.11494083,-0.10773194,0.15975878,-0.12771119,0.16376214,-0.102177,-0.057602987,0.09104902,0.35141942,0.101694725,-0.08549077,-0.11444582,-0.23730396,0.26900992,0.09953038,0.18069783,-0.19888675,-0.095438875
https://example.org/bda/health-risk/aggregate-measurement/heart-disease-health-indicators/age-7/gender-male/high-cholesterol,0.24909493,-0.1556591,0.06979423,0.15524653,-0.0930583,-0.2501772,-0.046360753,-0.11837145,0.4636487,0.071993575,0.15249899,0.21078028,-0.14945315,-0.1270129,0.09612111,-0.14344706,0.14310272,-0.22265275,-0.03237541,-0.2571559,-0.12826881,0.08004226,0.22633879,0.083783604,-0.109249234,-0.14391944,-0.23536028,0.16641563,-0.21048988,0.15434526,-0.19746102,-0.0047611953
https://example.org/bda/health-risk/aggregate-measurement/heart-disease-health-indicators/age-7/gender-male/mental-unhealthy-days,-0.16969894,-0.19248112,0.056394603,0.22071953,-0.08767129,-0.268242,0.23574817,-0.21061432,0.19793618,-0.14584565,0.20295805,0.19930325,-0.10596065,-0.13244992,0.083051324,-0.16314328,0.20381612,-0.15884644,0.024786841,-0.27714425,-0.24489865,0.0782697,0.27689922,0.13848548,-0.12932403,-0.115603924,-0.1986367,0.20393476,-0.20794463,0.080781996,-0.1458749,-0.10345187
https://example.org/bda/health-risk/aggregate-measurement/heart-disease-health-indicators/age-7/gender-male/physical-activity,-0.1691549,-0.22395894,0.06667023,0.14072563,-0.091415934,-0.39799923,-0.2324574,-0.108430274,0.07101433,0.24196537,0.08980987,0.29555005,-0.13443972,0.2828797,-0.028024208,-0.09372119,0.22180478,-0.07362784,-0.04177988,-0.15902337,-0.20236589,0.06968005,0.3389288,0.18906091,-0.07791532,-0.10654071,-0.06053433,0.07964209,-0.06764123,0.06211698,-0.20805167,-0.20132531
https://example.org/bda/health-risk/aggregate-measurement/heart-disease-health-indicators/age-7/gender-male/physical-unhealthy-days,-0.1521241,-0.14282806,0.07745991,0.20013566,-0.04567453,-0.20122498,0.15201636,-0.14537142,0.33490545,0.17337686,0.21378575,0.12983036,-0.016431777,-0.07501571,0.15809757,-0.117543235,0.24019694,-0.1985852,0.018565942,-0.12618993,-0.18469033,0.14194591,0.32240856,0.12047684,-0.082473546,-0.14762118,-0.2991702,0.2670222,-0.10465992,0.13340873,-0.22809823,-0.13340288
https://example.org/bda/health-risk/aggregate-measurement/heart-disease-health-indicators/age-7/gender-male/smoking,-0.22517917,-0.16638649,0.11732399,0.27164736,-0.08646269,-0.2433893,0.14677718,-0.13604091,0.21063232,0.11887071,0.20728922,0.21350902,-0.04059261,0.24046077,0.06332782,-0.13789465,0.18546401,-0.18643863,0.0057939505,-0.22064193,-0.20155038,0.024395317,0.32515076,0.093787685,-0.13457143,-0.13299653,-0.21600881,0.21598251,-0.12752879,0.10481489,-0.18456262,-0.18361276
https://example.org/bda/health-risk/aggregate-measurement/heart-disease-health-indicators/age-8/gender-female/age-years,0.21629284,-0.09425757,-0.06648723,-0.078474835,-0.07414371,0.19825482,-0.09902623,-0.16761233,0.37140033,-0.14630702,0.08073019,0.2800577,-0.2922906,0.18653592,0.05978586,0.10399967,0.14854339,0.07123719,-0.0851782,0.18693559,-0.18155445,-0.21560319,0.28141263,0.14672567,-0.1382539,0.11891957,-0.18344916,0.09089511,-0.22577077,0.19157954,0.17414708,-0.17162763
https://example.org/bda/health-risk/aggregate-measurement/heart-disease-health-indicators/age-8/gender-female/body-mass-index,0.23490012,-0.11524337,-0.09186879,-0.18836342,-0.092535265,0.23930313,0.30590495,-0.12309131,0.3075063,0.09440249,0.1418486,0.23777264,0.16262853,-0.22067976,0.16685556,0.07604406,0.121634506,0.14277604,0.16560994,0.2023934,-0.11481131,-0.085946344,0.2605898,0.18142366,-0.050783407,0.12651005,-0.09957666,0.20082134,0.2473984,0.18994574,0.14128684,-0.1145721
https://example.org/bda/health-risk/aggregate-measurement/heart-disease-health-indicators/age-8/gender-female/difficulty-walking,0.29313344,-0.15840429,-0.07999567,-0.16792487,-0.05938421,0.1776151,-0.25430942,-0.13151404,0.34769192,-0.2122308,0.16111018,0.23623288,-0.10057569,-0.23529188,0.15631126,0.116793096,0.1803015,0.117098324,0.0053201057,0.18193556,-0.18622345,-0.1239618,0.25123823,0.07364859,-0.08678498,0.118123434,-0.15338117,0.20695429,-0.14148013,0.123751715,0.22504342,-0.11974239
https://example.org/bda/health-risk/aggregate-measurement/heart-disease-health-indicators/age-8/gender-female/general-health-score,-0.07155877,-0.17754479,-0.10934677,-0.2132937,-0.12154828,0.19956069,-0.096904576,-0.067349344,0.24152568,0.0402077,0.12105519,0.1261186,-0.08375646,-0.238812,0.17592134,0.16962503,0.19003955,0.15421575,0.08676637,0.26718348,-0.1626449,-0.15783454,0.35546216,0.13472241,-0.10301505,0.05891408,-0.11670494,0.16904378,-0.16805986,0.15763754,0.3803651,-0.18539403
https://example.org/bda/health-risk/aggregate-measurement/heart-disease-health-indicators/age-8/gender-female/heavy-alcohol,-0.07182841,-0.14966246,-0.089848965,-0.2079228,-0.1266455,0.21090125,-0.1530484,-0.14245321,0.30974117,0.1658794,0.14989875,0.26049137,-0.18874644,-0.05554409,0.15947796,0.08788406,0.2394815,0.16690148,-0.039914854,0.24094559,-0.25896385,-0.10458198,0.28298286,0.18112786,-0.10358171,0.079953074,-0.2103568,0.13872802,-0.24846572,0.14042158,0.18283382,-0.0036507081
https://example.org/bda/health-risk/aggregate-measurement/heart-disease-health-indicators/age-8/gender-female/high-blood-pressure,0.20059986,-0.070436545,-0.10439556,-0.109007105,-0.017015714,0.1427824,0.4210188,-0.06185065,0.31574562,-0.16760336,0.099277474,0.224237,-0.19648226,0.35801706,0.08269896,0.0823251,0.17268105,0.083750755,-0.05469664,0.14572845,-0.072941504,-0.118802994,0.30760953,0.05127437,-0.08564584,0.11250945,-0.20636204,0.18639708,-0.111723825,0.12230553,0.13457997,-0.20325379
https://example.org/bda/health-risk/aggregate-measurement/heart-disease-health-indicators/age-8/gender-female/high-cholesterol,0.2849449,-0.14805363,-0.038638916,-0.1530466,-0.15572664,0.2181184,-0.1418694,-0.08477999,0.1208338,0.18800478,0.2130183,0.19828382,-0.17952366,-0.23633982,0.16856048,0.13795044,0.16978367,0.19177967,-0.039576437,0.14213379,-0.10890018,-0.14970541,0.32457656,0.20651339,-0.14565508,0.09364365,-0.24284552,0.21598068,-0.16208626,0.19532318,0.17733504,-0.03926179
https://example.org/bda/health-risk/aggregate-measurement/heart-disease-health-indicators/age-8/gender-female/mental-unhealthy-days,-0.14176308,-0.06175295,-0.081648886,-0.26973024,-0.13001554,0.17817187,0.21662894,-0.14085004,0.17736636,-0.16119766,0.19010495,0.2553524,-0.09296797,-0.093507744,0.13895415,0.04246192,0.20993058,0.09345923,-0.008728862,0.17275415,-0.22317606,-0.09674332,0.34921688,0.17225291,-0.051250413,0.16117467,-0.28547248,0.24633573,-0.23410012,0.14611039,0.15391263,-0.14082126
https://example.org/bda/health-risk/aggregate-measurement/heart-disease-health-indicators/age-8/gender-female/physical-activity,-0.020198349,-0.12066111,-0.10988332,-0.16768764,-0.06510902,0.18081741,-0.09462689,-0.12855077,0.37743098,0.20920727,0.13931164,0.17677441,-0.18317851,0.29138133,0.098999724,0.14866547,0.23611659,0.1462022,-0.04112703,0.21402949,-0.2518532,-0.12722147,0.2699265,0.117029384,-0.065160476,0.1220528,-0.13684702,0.124287024,-0.13138996,0.17394367,0.19772299,-0.25388664
https://example.org/bda/health-risk/aggregate-measurement/heart-disease-health-indicators/age-8/gender-female/physical-unhealthy-days,-0.23019613,-0.073755614,-0.10877173,-0.22568807,-0.088710636,0.25233835,0.13820362,-0.089809544,0.31119972,0.12328015,0.16263622,0.24431397,-0.21760799,-0.20406178,-0.06762029,0.13934998,0.17755291,0.13608168,-0.02752353,0.23719943,-0.22776029,-0.095610015,0.23653649,0.1523625,-0.118879154,0.16399871,-0.14576893,-0.0033251792,-0.20044851,0.1471276,0.2663462,-0.16317661
https://example.org/bda/health-risk/aggregate-measurement/heart-disease-health-indicators/age-8/gender-female/smoking,-0.18308093,-0.17726576,-0.14087228,-0.14742962,-0.06370362,0.35109192,0.2609192,-0.18632573,0.25533402,0.122439496,0.116812766,0.29583997,-0.16074738,0.12661964,0.07177443,0.15189353,0.22308306,0.09654094,-0.013553693,0.2626286,-0.18730526,-0.15287815,0.27155843,0.040904786,-0.10881672,0.09283129,-0.16591926,0.094603084,-0.15504327,0.15347935,0.1614323,-0.13856779
https://example.org/bda/health-risk/aggregate-measurement/heart-disease-health-indicators/age-8/gender-male/age-years,0.20726782,0.16601801,0.10061766,0.10365669,0.13019831,-0.17427674,-0.17729697,0.14779979,-0.34463015,-0.08640689,0.10949124,0.16494216,-0.1315317,0.3536092,0.10011492,-0.019905506,0.18323709,-0.2437132,-0.06980703,-0.1547849,-0.2500018,0.1369691,0.2548003,-0.25325483,0.17650081,0.12081143,-0.058968928,0.039117076,-0.1380021,0.191701,0.20535736,-0.09471012
https://example.org/bda/health-risk/aggregate-measurement/heart-disease-health-indicators/age-8/gender-male/body-mass-index,0.22883928,0.058536213,0.09199279,0.2702399,0.18354277,-0.2911393,0.15740998,0.07083016,-0.20632942,0.11468826,0.18177995,0.1366496,-0.12898059,-0.13274027,0.1383387,0.081128076,0.24007693,-0.19633451,-0.15251334,-0.16496752,-0.24656636,0.11950292,0.28563496,-0.19912635,0.12848715,0.0923825,-0.22782029,0.13442698,-0.1492132,0.21193275,0.13801648,-0.15110663
https://example.org/bda/health-risk/aggregate-measurement/heart-disease-health-indicators/age-8/gender-male/difficulty-walking,0.18011193,0.11032075,0.13055454,0.2715215,0.120559916,-0.2547204,-0.18678434,0.1433418,-0.15070817,-0.25354505,0.12859811,0.089290045,-0.077979304,-0.234302,0.11620795,0.037782427,0.16108951,-0.2490501,-0.13360573,-0.22967857,-0.13945244,0.095965445,0.19157702,-0.24703869,0.02139237,0.112474024,-0.19091937,0.11871047,-0.26056254,0.2049968,0.2452613,-0.15383478
https://example.org/bda/health-risk/aggregate-measurement/heart-disease-health-indicators/age-8/gender-male/general-health-score,-0.062930465,0.0995684,0.101113126,0.16512325,0.18273234,-0.18069692,-0.090231046,0.19883947,-0.44618022,0.030506656,0.08902863,0.20522489,-0.17679435,-0.14856401,-0.05045784,0.055091478,0.21970865,-0.12559375,-0.12991051,-0.086365856,-0.20405696,0.059224334,0.30306384,-0.19993816,0.2002848,0.1279319,-0.13119556,0.0177516,-0.23876476,0.27727017,0.1875,-0.13248691
https://example.org/bda/health-risk/aggregate-measurement/heart-disease-health-indicators/age-8/gender-male/heavy-alcohol,-0.09292016,0.16142559,0.15137784,0.3190428,0.12805963,-0.18789478,-0.14951093,0.20088029,-0.20491402,0.06399552,0.07003482,0.09574052,0.14867455,-0.08573277,0.13368373,0.053734012,0.2360107,-0.2626362,0.07464821,-0.25137004,-0.2592539,0.18918881,0.4108289,-0.16310911,0.21403043,0.1563964,-0.012198427,0.06339651,-0.07052564,0.11700504,0.16985324,0.045229726
https://example.org/bda/health-risk/aggregate-measurement/heart-disease-health-indicators/age-8/gender-male/high-blood-pressure,0.26386783,-0.00016030234,0.116410926,0.11625574,0.10595538,-0.2567542,0.1856139,0.088445745,-0.18836942,-0.15221404,0.1399085,0.0331573,-0.15181912,0.30979818,0.17285652,0.062790774,0.26137105,-0.12018781,-0.1427124,-0.22005033,-0.21408726,0.09684125,0.34119746,-0.18248229,0.056588404,0.0824545,-0.21245772,0.15898892,-0.1917789,0.13846269,0.17528863,-0.16775173
https://example.org/bda/health-risk/aggregate-measurement/heart-disease-health-indicators/age-8/gender-male/high-cholesterol,0.24969994,0.07876305,0.0853734,0.18757947,0.14086081,-0.2538186,-0.22654988,0.124398656,-0.2582462,0.18829325,0.16102363,0.20563446,-0.11298729,-0.1752665,0.10021162,0.08238775,0.1767579,-0.2523086,-0.1223941,-0.17269774,-0.1342321,0.09461133,0.27323222,-0.20314935,0.12672196,0.099632435,-0.1962777,0.16284539,-0.21758875,0.20345744,0.20791966,-0.040374126
https://example.org/bda/health-risk/aggregate-measurement/heart-disease-health-indicators/age-8/gender-male/mental-unhealthy-days,-0.15494035,0.10648041,0.13937512,0.26786608,0.07450407,-0.17033346,0.21020995,0.062464688,-0.15615599,-0.16329621,0.1560193,0.059908696,-0.015527723,-0.14222291,0.08059174,0.110748865,0.22581314,-0.19849004,-0.09440591,-0.34968573,-0.23704925,0.24751735,0.29667395,-0.15366006,0.09627127,0.17493388,-0.2206113,0.023825288,-0.20600668,0.21013398,0.18651274,-0.10704004
https://example.org/bda/health-risk/aggregate-measurement/heart-disease-health-indicators/age-8/gender-male/physical-activity,-0.1525867,0.071423404,0.12692879,0.13287632,0.15220843,-0.2938047,-0.23412488,0.08380894,-0.107296176,0.15731055,0.103489205,0.07521265,-0.10246604,0.301342,0.11560096,0.053743027,0.1414718,-0.26203611,-0.07690891,-0.24702148,-0.15552956,0.15529312,0.24716456,-0.18593465,0.14909586,0.10415765,-0.2061269,0.2734851,-0.13502021,0.26052323,0.1675619,-0.17949343
https://example.org/bda/health-risk/aggregate-measurement/heart-disease-health-indicators/age-8/gender-male/physical-unhealthy-days,-0.15517178,0.10658304,0.03500391,0.1699705,0.17754066,-0.27376786,0.1315635,0.18343396,-0.35295734,0.053572353,0.15183839,0.15049343,0.19501857,-0.16936149,0.1317133,-0.018622592,0.13710362,-0.22085656,-0.0013434811,-0.10960619,-0.12259094,0.05764154,0.32678804,-0.31417513,0.13420177,0.17053454,-0.17262828,0.210046,0.05603854,0.13739692,0.23031083,-0.14123069
https://example.org/bda/health-risk/aggregate-measurement/heart-disease-health-indicators/age-8/gender-male/smoking,-0.25502437,0.010808985,0.16059235,0.1632462,0.15152095,-0.2116,0.21744159,0.07415493,-0.07827745,0.12664433,0.17558496,0.09335358,-0.13107279,0.19516098,0.14380802,0.10358164,0.26086554,-0.18306285,-0.120792426,-0.28117758,-0.22459482,0.10833503,0.25453958,-0.21144587,0.095897004,0.14289181,-0.13663206,0.13458098,-0.21367514,0.12762558,0.2783896,-0.2019167
https://example.org/bda/health-risk/aggregate-measurement/heart-disease-health-indicators/age-9/gender-female/age-years,0.081287526,-0.18394409,0.11992128,-0.11525306,0.080226846,-0.290418,-0.20920518,0.08102277,-0.12302223,-0.1388586,0.094381794,0.15642557,-0.3806169,0.2302621,0.14415273,0.13274358,0.228696,0.08075359,-0.015409024,-0.014163776,-0.27562302,-0.14239757,0.35463995,0.09019024,-0.043429736,0.07112825,-0.21777846,0.29534778,-0.13652761,0.06692817,0.041386176,-0.17565039
https://example.org/bda/health-risk/aggregate-measurement/heart-disease-health-indicators/age-9/gender-female/body-mass-index,0.13894826,-0.05382747,0.053554095,-0.13921915,-0.016397232,-0.13523963,0.26698402,0.10008014,-0.0028817672,0.2166946,0.082392514,0.2936365,-0.36307114,-0.15559533,0.01841484,0.052386772,0.3478306,0.1226439,-0.15436001,-0.13098548,-0.22327124,-0.1861077,0.3223462,0.11809935,-0.082941644,0.13835704,-0.22247773,0.21277231,-0.097409874,0.11767814,0.09392668,-0.15588148
https://example.org/bda/health-risk/aggregate-measurement/heart-disease-health-indicators/age-9/gender-female/difficulty-walking,-0.021377057,-0.0958822,0.09606954,-0.11725154,-0.08703236,-0.18210018,-0.21155675,0.1612462,-0.015587528,-0.16071434,0.23487885,0.20401835,-0.1526344,-0.055269912,0.16325027,0.043919045,0.25459507,0.3434041,0.01039808,-0.18997946,-0.03232176,-0.10231417,0.29908296,0.21233384,-0.15439466,0.13409838,-0.17363623,0.39556524,-0.14719813,0.09876544,0.1907252,-0.12981296
https://example.org/bda/health-risk/aggregate-measurement/heart-disease-health-indicators/age-9/gender-female/general-health-score,-0.16483475,-0.15876,0.06625114,-0.14428724,-0.14896771,-0.26942655,-0.025907489,0.058727022,-0.00412396,0.016367877,0.0040944116,0.26021877,-0.35875547,-0.10256981,-0.29612672,0.20073506,0.20497097,0.18708372,-0.023456592,-0.21589543,-0.12837027,-0.17005448,0.20943603,0.22286193,-0.1487932,0.18912141,-0.23144507,0.16809157,-0.20628214,0.12015859,0.16392575,-0.039933838
https://example.org/bda/health-risk/aggregate-measurement/heart-disease-health-indicators/age-9/gender-female/heavy-alcohol,-0.29455876,-0.14742962,0.082871385,-0.16417055,-0.09849222,-0.38305828,-0.1276231,0.16361041,-0.11767852,0.094489366,0.1571443,0.20386015,-0.19881706,-0.12296264,0.029309366,0.08015174,0.15536487,0.23050523,-0.01404288,-0.2545301,-0.15024994,-0.16097514,0.19761086,0.19729525,-0.13930337,0.12410995,-0.20612909,0.23256099,-0.15039065,0.24769463,0.15141515,-0.015243149
https://example.org/bda/health-risk/aggregate-measurement/heart-disease-health-indicators/age-9/gender-female/high-blood-pressure,0.13510126,-0.14370136,0.018482596,-0.22868453,-0.083279625,-0.2376183,0.35272464,0.16826732,-0.01682782,-0.09275382,0.12241812,0.10862011,-0.28644288,0.2431752,0.14130251,0.17282157,0.18804492,0.27459514,0.029793248,-0.12962298,-0.08646341,-0.15513068,0.22854441,0.07455036,-0.092586674,0.14770736,-0.19013469,0.2156446,-0.0853619,0.1289592,0.2713457,-0.19305584
https://example.org/bda/health-risk/aggregate-measurement/heart-disease-health-indicators/age-9/gender-female/high-cholesterol,0.022603022,-0.20400225,-0.010485701,-0.16806987,-0.12711014,-0.35196954,0.091967836,0.15809974,0.14545365,-0.0139021035,0.06925101,0.15831389,-0.3673444,0.043972906,0.115036756,0.28485137,0.18806951,0.17808495,-0.07319354,-0.16241688,-0.094412155,-0.13687073,0.29007727,0.15247501,-0.1279281,0.050351843,-0.17830305,0.2716999,-0.15767151,0.25431052,0.12792033,-0.09638559
https://example.org/bda/health-risk/aggregate-measurement/heart-disease-health-indicators/age-9/gender-female/mental-unhealthy-days,-0.13287677,-0.09366791,0.07415564,-0.12304044,-0.10303415,-0.38246796,0.11988384,0.05795781,0.030566223,-0.11546628,0.11684186,0.2646727,-0.3095773,-0.20422351,0.124102496,0.19257535,0.16053258,0.068373784,-0.07723415,-0.1218618,-0.08280549,-0.17969768,0.24157208,0.19883217,-0.1299699,0.27093452,-0.22386952,0.2721745,-0.14560986,0.09712551,0.20077755,-0.12868062
https://example.org/bda/health-risk/aggregate-measurement/heart-disease-health-indicators/age-9/gender-female/physical-activity,-0.31981885,-0.09280212,0.07069842,-0.1582457,-0.049470924,-0.26489744,-0.2646358,0.06026413,0.06083312,0.20711277,0.07252909,0.24984157,-0.19938405,0.149459,0.10692565,0.19935554,0.18359984,0.15042168,0.03174924,-0.22858196,-0.09286434,-0.22697838,0.23849225,0.24654225,-0.1524626,0.23359522,-0.13627227,0.19898438,-0.06220547,0.11597941,0.11510246,-0.17689721
https://example.org/bda/health-risk/aggregate-measurement/heart-disease-health-indicators/age-9/gender-female/physical-unhealthy-days,-0.28867835,-0.12674743,0.027074745,-0.24989003,-0.14129986,-0.18483716,0.3090563,0.16086192,0.0057329037,0.164688,0.016504874,0.103728555,0.004304481,-0.32279858,0.10431026,0.0676177,0.1702978,0.25093758,0.17495506,-0.15874077,-0.061777018,-0.15225276,0.18561709,0.24995269,-0.06910685,0.09709016,-0.07694165,0.30655694,0.17204395,0.18128623,0.20637347,-0.114814326
https://example.org/bda/health-risk/aggregate-measurement/heart-disease-health-indicators/age-9/gender-female/smoking,-0.38739285,-0.04932356,0.077613205,-0.18101294,-0.044165213,-0.20891698,0.2259963,0.24129862,-0.12655188,0.082656346,0.14934759,0.18725012,-0.22164428,0.15785824,0.11436124,0.16154574,0.1961357,0.3210601,-0.01628113,-0.1725103,-0.09487814,-0.15287714,0.20957951,0.16059685,-0.10662372,0.13568048,-0.073119104,0.18489164,-0.12974186,0.13733742,0.2083685,-0.19567728
https://example.org/bda/health-risk/aggregate-measurement/heart-disease-health-indicators/age-9/gender-male/age-years,0.18172665,0.16769452,-0.038177475,0.24243386,0.13794523,-0.20115285,-0.192778,0.15925463,-0.24984655,-0.13927998,0.02548105,-0.17003804,-0.020425994,0.2345012,-0.0144832665,-0.25387588,0.14113241,-0.33063537,0.11588239,0.19529755,-0.08465043,0.14099684,0.25875303,-0.123746194,-0.14624149,0.2472572,-0.09873492,0.24321438,0.117510125,0.20693807,-0.14273807,-0.08123785
https://example.org/bda/health-risk/aggregate-measurement/heart-disease-health-indicators/age-9/gender-male/body-mass-index,0.24810265,0.016534576,-0.1242609,0.09053843,0.10319675,-0.24139209,0.17559066,0.15265499,-0.006055095,0.14932843,0.16720183,-0.16978712,-0.28419167,-0.26254994,0.106260635,-0.16156645,0.27372864,-0.19990362,-0.05091957,0.20657375,-0.16196012,0.051024787,0.2187414,-0.20247425,-0.07529125,0.13262312,-0.1936307,0.28046387,-0.11342262,0.11386302,-0.18025543,-0.22293885
https://example.org/bda/health-risk/aggregate-measurement/heart-disease-health-indicators/age-9/gender-male/difficulty-walking,0.32029733,0.17099477,-0.1260471,0.17569475,0.12430615,-0.13104941,-0.06816219,0.16559897,-0.04125778,-0.1295849,0.056452658,-0.15946293,-0.24963076,-0.1973922,0.085112944,-0.15492967,0.21861003,-0.27360144,-0.0040152115,0.09809472,-0.086135924,0.092819,0.15388598,-0.10523873,-0.10346995,0.13690709,-0.20540358,0.21560557,-0.28814095,0.27041203,-0.21379243,-0.272073
https://example.org/bda/health-risk/aggregate-measurement/heart-disease-health-indicators/age-9/gender-male/general-health-score,-0.13264686,0.13037531,-0.08183975,0.20719732,0.115530804,-0.14560214,-0.14879765,0.17790103,-0.18066114,0.12156457,0.15056556,-0.22301947,-0.20274709,-0.16775347,0.11918583,-0.1726328,0.20498618,-0.29263476,-0.010413819,0.104889475,-0.13615157,0.09394081,0.29187158,-0.113022625,-0.13432722,0.14850639,-0.19259645,0.27827576,-0.19960985,0.29577625,-0.14086674,-0.16873923
https://example.org/bda/health-risk/aggregate-measurement/heart-disease-health-indicators/age-9/gender-male/heavy-alcohol,-0.19912617,0.05783774,-0.088872775,0.14144304,0.07260992,-0.28398424,-0.2036432,0.102571785,-0.22681178,0.17498137,0.16501378,-0.24126968,-0.28176177,-0.11565255,0.12758702,-0.0496907,0.18447587,-0.11276769,-0.0648344,0.13057159,-0.12599313,0.12657095,0.29921365,-0.20316088,-0.10370171,0.118156426,-0.24281782,0.33424723,-0.22756559,0.13591239,0.058935337,-0.11111525
https://example.org/bda/health-risk/aggregate-measurement/heart-disease-health-indicators/age-9/gender-male/high-blood-pressure,0.20727198,0.1176434,-0.0560384,0.20257019,0.07406587,-0.15162215,0.28475094,0.21248041,-0.019134836,-0.16329218,0.15348761,-0.19571957,-0.23521975,0.21428326,0.14206927,-0.18424751,0.20963591,-0.044297233,-0.012623365,0.20972976,-0.064951025,0.09911545,0.31341535,-0.17271733,-0.15086384,0.12650846,-0.20725763,0.19307831,-0.06550379,0.29248643,-0.13502058,-0.20203647
https://example.org/bda/health-risk/aggregate-measurement/heart-disease-health-indicators/age-9/gender-male/high-cholesterol,0.25654224,0.11997929,-0.11283328,0.13514751,0.07730963,-0.12776089,-0.25287187,0.21110524,0.19059531,0.19496128,0.17270811,-0.22255133,-0.23634699,-0.28852475,0.145277,-0.1529569,0.09665062,-0.082219824,0.032445334,0.26890257,-0.016108554,0.09217551,0.18084782,-0.1400209,-0.17493963,0.12628987,-0.23038742,0.2521653,-0.2751674,0.117255256,-0.1312281,0.015765706
https://example.org/bda/health-risk/aggregate-measurement/heart-disease-health-indicators/age-9/gender-male/mental-unhealthy-days,-0.25770682,0.13531707,-0.043608177,0.0449503,0.044718564,-0.18528278,0.33285603,0.14676435,-0.15685928,-0.13762882,0.20641847,-0.19381532,-0.11337649,-0.17033206,0.15799865,-0.22246292,0.21816951,-0.21297444,0.028940178,0.08029191,-0.11628729,0.09419207,0.2558186,-0.055016387,-0.053629756,0.13799065,-0.23427136,0.34470066,-0.17002155,0.24462517,-0.087262094,-0.13987099
https://example.org/bda/health-risk/aggregate-measurement/heart-disease-health-indicators/age-9/gender-male/physical-activity,-0.30489132,0.13350582,-0.09531101,0.2566935,0.13239692,-0.1652875,-0.22038473,0.07498096,-0.08579897,0.21943682,0.13188478,-0.3408705,-0.26515839,0.21223095,0.0023766218,-0.14174964,0.20696458,-0.13907714,-0.05239568,0.123319566,-0.19410317,0.16467905,0.24974005,-0.14946596,-0.13943118,0.08492089,-0.12523937,0.123860285,-0.16995046,0.18545133,-0.06215228,-0.19026046
https://example.org/bda/health-risk/aggregate-measurement/heart-disease-health-indicators/age-9/gender-male/physical-unhealthy-days,-0.30096716,0.12742035,-0.074006565,0.2645086,0.090912595,-0.28312612,0.21232234,0.025026591,-0.25981754,0.14472084,0.11229724,-0.1933108,-0.22642337,-0.28116116,0.05193819,-0.123179875,0.17402388,-0.14946531,-0.022240806,0.10053261,-0.088426836,0.18313122,0.2728482,-0.19021277,-0.09392238,0.12212798,-0.168469,0.15690403,-0.0714725,0.21417765,-0.029303377,-0.23065975
https://example.org/bda/health-risk/aggregate-measurement/heart-disease-health-indicators/age-9/gender-male/smoking,-0.1849735,0.12652959,-0.082801044,0.24237947,0.11167615,-0.18707255,0.17324805,0.16611837,-0.24624865,0.11541188,0.12262585,-0.27392858,-0.14900294,0.22445048,0.04085181,-0.17149493,0.21516551,-0.26928657,-0.01909098,0.23079787,-0.1117264,0.17191966,0.2383001,-0.21279725,-0.09002515,0.12536304,-0.15337731,0.17324227,-0.137706,0.23215285,-0.14872906,-0.15004389
https://example.org/bda/health-risk/belongsToAgeGroup,0.054298885,0.21845779,0.008598835,-0.18198948,0.047878265,-0.07523246,-0.0035628537,-0.20720994,0.5351428,0.2036885,-0.06851161,-0.12840654,-0.1323169,0.051652845,-0.14908937,-0.064003535,-0.109144405,0.22037809,0.08463006,-0.28301927,0.0021652954,-0.0058563123,0.18389347,0.11870326,0.03350721,-0.012011731,0.2620712,-0.38108072,-0.13038042,-0.075656034,0.12683812,0.14147396
https://example.org/bda/health-risk/belongsToDemographicConcept,0.015201349,0.22139114,0.04465268,-0.14924566,-0.052282996,-0.07093988,0.10717116,-0.15472315,0.63819414,0.249219,-0.004489515,-0.014151368,-0.0411427,0.10893299,0.08281442,0.059366327,0.07675711,0.015374565,0.10024495,-0.21402031,-0.10988174,-0.02298882,0.21400242,0.0736464,0.10562788,-0.028760303,0.23278554,-0.3464344,-0.026432276,-0.036938652,0.03819159,0.27242383
https://example.org/bda/health-risk/belongsToPopulationGroup,0.17518137,0.21293999,0.033349328,-0.0362449,-0.011750771,-0.032099415,-0.0044297627,-0.08478486,0.4405322,0.20871931,-0.13061184,0.04684097,-0.012483807,0.123027,-0.4384904,0.049746122,-0.14136545,0.23198667,0.009028522,-0.24299656,-0.096833125,0.11026353,0.1478201,-0.077385806,0.025556218,0.013598179,0.24784027,-0.41870674,-0.052919295,-0.010810856,-0.05384785,0.14331721
https://example.org/bda/health-risk/createdAtUtc,-0.087448314,0.17604908,-0.030489083,-0.19838426,0.08037399,0.028203052,0.09487029,0.13072146,0.32870463,0.20490609,-0.26191056,-0.20319223,0.052039307,0.22485544,-0.15235615,0.057899904,-0.17510816,0.09296043,0.09412855,0.12147632,0.069445916,0.11688327,0.4244501,-0.034436725,-0.005590497,-0.21528393,0.26962495,-0.32084352,-0.01835861,-0.14256208,0.087847024,0.1866425
https://example.org/bda/health-risk/dataset/cardiovascular-disease,0.014186604,-0.001332313,0.024665,0.0020441934,-0.014534069,0.00069545116,-0.19292584,-0.028775193,0.07878878,-0.10445581,-0.18145277,0.0042334376,0.3861807,-0.0103636775,0.34246576,0.025850596,-0.22515017,0.0039580804,-0.25871006,0.023144834,-0.39578435,-0.018701546,-0.33783072,0.007909854,-0.013435257,0.0017446796,0.12371527,-0.24910225,-0.38378552,0.011711319,-0.022170568,0.16983964
https://example.org/bda/health-risk/dataset/heart-disease-cleveland,0.08416216,0.050450023,-0.040593952,-0.09456476,0.017388036,-0.06721729,-0.11247933,-0.012307531,0.20977165,0.20503746,-0.19165857,-0.026143713,0.33153072,0.027394375,0.25531322,0.028246036,0.24536455,-0.049450174,0.2692363,-0.02890835,0.3521661,0.08226169,-0.33414164,0.008954026,-0.06661489,0.014269395,-0.2851981,-0.18183869,-0.31312984,-0.10827295,-0.04061148,-0.2304171
https://example.org/bda/health-risk/dataset/heart-disease-health-indicators,-0.09152901,0.019885544,-0.031927418,0.018407945,0.0016600228,0.05006878,0.12982206,-0.019200306,0.16650937,-0.082443565,-0.17654552,-0.029561954,-0.445656,-0.06903105,0.08064603,-0.027946,-0.26040888,-0.001723131,0.2104556,-0.024955804,-0.27529255,-0.02116832,-0.4040553,-0.0092345085,-0.037262663,-0.03330175,-0.22204506,-0.12485342,0.4570489,-0.038131304,0.0057178824,-0.25066417
https://example.org/bda/health-risk/forPopulationGroup,0.15969248,0.2271291,0.08181829,-0.17031552,-0.010493526,0.0068505704,0.08166836,-0.0684417,0.47128353,0.16343762,-0.012570284,0.03493115,-0.15184478,-0.059307028,-0.39046445,0.054357562,-0.12371113,0.176641,0.08377323,-0.23328643,-0.1466364,0.017618252,0.14062206,0.03620774,0.13150272,0.1079901,0.17210959,-0.39476544,-0.010592722,-0.045675654,0.24647869,0.12367943
https://example.org/bda/health-risk/fromDataset,-0.21161935,0.2386327,0.021185124,-0.18891168,-0.06946419,-0.14496244,0.16486396,-0.07112576,-0.12754224,0.08377644,0.074272215,-0.04587711,-0.10114702,0.1658323,-0.50353724,-0.07120654,0.097394146,0.12147439,0.18310474,-0.28443477,0.2111961,0.09494119,0.16441534,0.1308432,0.020944454,0.107588515,0.025146876,-0.41284937,-0.073596895,-0.21656156,0.066257775,-0.023675758
https://example.org/bda/health-risk/gender/female,0.091399886,0.007056432,0.063364066,-0.03212095,0.047859583,0.16959804,-0.015490292,0.015205426,0.008664124,-0.04950641,-0.3478661,-0.09138705,-0.0070766164,-0.08592461,-0.13097538,0.009509895,0.07091628,0.1498013,-0.018646661,0.051115047,0.027229646,0.017547237,-0.36149317,-0.12887216,0.014863972,0.030806195,-0.34002376,0.21330035,0.018380493,-0.067788154,-0.09417566,0.666039
https://example.org/bda/health-risk/gender/male,-0.011702192,0.006833384,-0.12070469,-0.0002446924,0.035400584,-0.17153601,0.07120498,0.0537546,0.08997932,0.010858284,-0.33774337,0.008953526,-0.005078143,0.02703662,-0.18526709,0.028228443,0.111085765,-0.23771162,-0.13554654,-0.101791866,-0.09553084,-0.040719718,-0.343756,0.1540047,-0.053973608,0.044710778,-0.29651433,0.16105066,-0.023377445,0.06676124,0.08005586,0.63869613
https://example.org/bda/health-risk/gender/unknown,0.27975288,-0.07756043,-0.052982472,0.0970189,0.037129648,0.11842251,-0.051490806,0.1374503,-0.011815052,-0.009139493,-0.3067369,-0.049317114,-0.0702869,0.2915104,-0.6093759,0.006581085,-0.012870109,0.083491415,-0.054316677,-0.08515061,-0.25478104,-0.09448846,-0.137022,-0.14085929,0.0021794108,-0.08211679,0.1290408,0.093654625,-0.10286236,-0.18447514,0.047122434,0.3157765
https://example.org/bda/health-risk/generatedGraph,-0.11304397,0.16991718,0.063781045,-0.13774773,0.029035047,-0.14819528,0.24151269,-0.080460384,-0.21639708,-0.18134476,-0.043007575,-0.09993353,-0.2254184,-0.0072533935,-0.5636042,-0.0016525795,0.03736789,-0.09559087,0.029593471,-0.29011786,0.062643856,-0.1423635,0.12588944,-0.051123306,0.03371184,0.059012648,-0.004169405,-0.4551057,-0.04038803,0.14123176,0.063381836,0.10976017
https://example.org/bda/health-risk/hasAggregateMeasurement,0.014498559,0.2632694,-0.017383426,0.17154753,0.02789579,0.03932754,0.011121596,-0.028728116,-0.20748027,0.15533324,-0.2146345,0.07430656,-0.06988956,0.15100068,-0.39134595,0.01465114,-0.055189513,-0.13504928,0.12384192,0.22073069,0.069529116,-0.03492522,0.40344268,-0.13685231,-0.06442069,-0.20992531,-0.19980885,-0.47048378,-0.012490303,-0.109663814,-0.044349566,-0.033443965
https://example.org/bda/health-risk/hasGender,-0.019818593,0.14994846,-0.098206036,-0.02297001,-0.039358303,0.13039209,0.09460008,-0.12591471,0.615516,0.3234876,-0.14698105,0.084461674,-0.0063753836,0.15622205,-0.09679404,0.052097477,0.044625886,0.0862799,0.12794852,-0.21703905,0.1283947,0.044661626,0.27781802,-0.0076160626,0.056410827,-0.020113222,0.15998839,-0.3434104,-0.040692624,-0.10291691,0.14085704,0.16428614
https://example.org/bda/health-risk/hasObservedFactor,0.010698597,0.17055844,0.0064705154,-0.073830746,-0.02572873,0.28820872,0.102489315,-0.013348213,0.5266824,0.23982581,-0.13928291,0.073867194,-0.0025564795,0.119318224,-0.22768036,0.08035637,-0.11875863,0.123303324,0.11643165,-0.31543547,0.01150851,0.07113627,0.29454595,-0.10495084,0.06007894,-0.02026255,0.18418278,-0.37392175,0.079124495,0.047476225,-0.07958391,0.025517609
https://example.org/bda/health-risk/hasObservedProtectiveFactor,-0.040790804,0.20482567,-0.038748834,-0.035589647,0.023110839,0.29751784,0.008974838,-0.0019132377,0.53042454,0.17055954,-0.19041397,0.032812595,-0.043754403,0.22042184,-0.19106646,0.09047839,0.05447423,-0.06354553,0.062204834,-0.19255792,-0.13861902,-0.04171787,0.28804222,0.043030202,0.06345559,0.107864596,0.17586529,-0.3862176,-0.023458581,-0.12143553,-0.052734792,0.23227246
https://example.org/bda/health-risk/hasObservedRiskFactor,-0.01989598,0.13698255,-0.010977551,-0.21514091,0.08513579,0.085619755,0.08104063,0.061857294,0.3861865,0.19413848,-0.1793531,0.0021871075,-0.008963182,0.2375449,-0.28975102,0.043243248,-0.07411184,-0.052227795,0.17815728,-0.20262215,0.03199734,-0.06984497,0.38002062,0.051887304,0.140363,0.13149759,0.19430637,-0.32810864,-0.018209532,-0.17729652,-0.16626617,0.2688599
https://example.org/bda/health-risk/hasOutcome,0.07162746,0.19021557,-0.04985924,-0.24341232,0.079440124,0.15063746,0.23717333,0.10016511,0.33454722,0.043055404,-0.12549894,0.31495112,-0.11336739,0.16378307,-0.3338738,0.08913237,-0.0013482865,0.24093594,0.027516318,-0.21914683,0.16233584,0.06078928,0.23710887,0.03309853,0.037853926,0.11574279,0.14706944,-0.34961256,-0.10570981,0.11442164,-0.14791271,0.12174019
https://example.org/bda/health-risk/indicator/age-years,0.3607751,0.0015193247,0.020950358,-0.030211728,0.040341385,-0.03228796,0.4977598,-0.029973807,-0.04431553,-0.2581266,-0.16983238,-0.021146784,-0.028151607,0.52186215,-0.16541521,-0.048826873,-0.0543277,0.0056559257,-0.032186665,0.00015729868,0.15234597,-0.009614817,-0.21083198,0.01913124,-0.027874833,0.01936569,0.07863729,0.27797213,0.12064899,0.03532766,0.007049235,0.20927547
https://example.org/bda/health-risk/indicator/body-mass-index,0.44060695,-0.0077867648,-0.0025932875,-0.039669637,-0.012691922,-0.012938556,-0.41548815,0.008728808,0.011173434,0.2327146,-0.18979454,-0.0038825683,-0.16728741,-0.3825371,-0.27065304,-0.03498116,-0.26005653,-0.05339862,0.003340604,0.0026940021,0.23005815,-0.00048483312,-0.05436637,-0.013144489,0.0045728525,-0.00013360125,0.09524559,0.3391548,0.108327545,-0.047723968,-0.027308414,0.1632285
https://example.org/bda/health-risk/indicator/diastolic-blood-pressure,-0.17831065,-0.07939703,0.015876718,-0.036635254,-0.06893642,0.029225618,0.32518074,0.012507237,-0.020729166,0.19195019,-0.22540636,0.0008234422,0.26912558,-0.12160415,-0.34772453,0.10276554,-0.19136816,-0.007329454,-0.049422033,0.10591623,0.2860296,0.030344049,-0.23864022,-0.0687801,0.012382002,0.00015225692,-0.17426069,0.40638137,0.31789732,-0.07633371,0.08092846,-0.19539367
https://example.org/bda/health-risk/indicator/difficulty-walking,0.3791142,-0.011250006,-0.004859273,0.0155718215,-0.014119751,0.026795756,0.3397915,-0.004806717,-0.12837085,-0.27206025,-0.16970222,0.034164865,-0.105219,-0.39239907,-0.28667176,0.026951035,-0.21699525,-0.010335464,0.05434186,-0.04721853,0.18663773,0.0075013107,0.00832481,0.013221759,-0.002280564,0.010932408,0.21259233,0.32660815,-0.2829922,-0.012069631,-0.005945182,0.22648373
https://example.org/bda/health-risk/indicator/exercise-induced-angina,0.23165503,-0.07207383,0.009642756,-0.0077809053,0.0069015566,-0.047271524,-0.35009634,0.021721646,-0.042140726,0.057850182,-0.19953163,0.02722081,0.18485808,-0.30941713,-0.2820564,-0.010144169,0.25634822,0.06592666,-0.005038522,-0.052695807,-0.23384733,0.0033865187,-0.27618003,-0.016787723,-0.014877485,-0.06555544,0.28869164,0.33143875,0.28625995,0.0023990786,-0.015806438,0.27638724
https://example.org/bda/health-risk/indicator/general-health-score,-0.22872691,-0.0077133197,-0.011308527,-0.06684679,0.03950162,-0.057984542,0.3288911,0.018510006,0.03196235,0.23968859,-0.20430472,0.01447511,-0.23149328,-0.42944622,-0.19222786,0.03644078,-0.1575733,-0.060859855,0.04780436,-0.015769703,0.1248195,0.03707715,-0.18952343,-0.0011063988,-0.040760893,-0.005024283,0.24182422,0.27745816,-0.3564201,-0.09444337,-0.054974403,0.3046487
https://example.org/bda/health-risk/indicator/glucose-risk,-0.45406663,-0.006088974,-0.013489353,0.0060773753,-0.001884956,-0.01434538,0.29275236,-0.0016488167,-0.022849571,-0.2471675,-0.19532879,-0.022655323,0.18784036,-0.35011578,-0.33491933,-0.025996998,0.17489927,0.0061592297,0.008028278,0.0121208625,0.026351694,-0.0015788684,-0.2758613,-0.0068171946,0.03444941,-0.010351008,0.17547287,0.28366208,0.31168446,0.008546282,-1.0470296e-05,-0.13859378
https://example.org/bda/health-risk/indicator/heart-disease-outcome,-0.2386246,0.07002885,-0.0016287497,0.19660361,0.32922354,0.017465122,0.033655893,-0.036679283,-0.09975689,-0.11477704,-0.28234497,-0.0054747104,-0.18772489,0.05350783,-0.56442195,0.050873816,-0.23177865,-0.08593157,-0.033493258,-0.21250506,0.21853954,-0.17981687,-0.008687013,0.04836937,0.018826354,0.014123132,0.022958593,0.3259891,-0.032000773,-0.096688606,0.114171505,0.07441295
https://example.org/bda/health-risk/indicator/heavy-alcohol,-0.50372016,-0.011965388,0.010875418,0.015145856,0.00043520215,-0.001857167,0.33313942,0.0063588386,-0.023218246,0.3070853,-0.21436308,0.024705734,-0.00023289236,-0.29629087,-0.25900576,-0.03136443,-0.21848851,0.0015584084,-0.032587405,-0.004002037,0.2623647,0.0025132291,-0.17899746,0.00968189,-0.0024465756,0.002015287,0.16806135,0.31567234,-0.2002314,0.009264712,-0.012911341,-0.13945983
https://example.org/bda/health-risk/indicator/high-blood-pressure,0.4284192,0.002729285,-0.016893929,0.024229147,0.0022977423,0.023338886,-0.47896338,-0.010380298,-0.044720814,-0.21845388,-0.20094927,-0.019023055,0.05415263,0.39766827,-0.32066578,0.031506293,-0.12785815,0.048932873,0.039332304,-0.029151201,-0.056410015,-0.0039931065,-0.21522248,0.015384868,-0.028469784,-0.02328705,0.18653175,0.2781095,0.12698965,-0.040548578,0.03515333,0.16359909
https://example.org/bda/health-risk/indicator/high-cholesterol,0.51694477,0.0023866347,0.00016610883,-0.017729454,0.010511867,0.012507537,0.379878,-0.006535499,-0.02965322,0.2677506,-0.19899362,-0.029819738,0.15571055,-0.3704304,-0.2898725,-0.004701132,0.022182794,0.016743083,-0.012008494,0.01105763,-0.059242405,0.0013316979,-0.15974241,-0.0065458165,-0.020568972,-0.026575068,0.274332,0.28977832,-0.14298932,-0.02938903,0.025565408,-0.12972367
https://example.org/bda/health-risk/indicator/maximum-heart-rate,0.30062073,0.042678073,-0.057732794,-0.002633242,0.014562597,0.052548233,-0.31352827,-0.028389806,-0.019890424,-0.25430962,-0.2167726,-0.008942451,0.22924656,0.29990906,-0.26054275,-0.019458655,0.28665572,0.03575473,0.04760452,-0.05492702,-0.31532052,0.020354671,-0.22403698,0.0022086701,-0.03947489,-0.00028819672,0.21263584,0.17274363,0.31559497,0.012408934,0.025087561,0.25242522
https://example.org/bda/health-risk/indicator/mental-unhealthy-days,-0.31265435,-0.05990962,0.007600943,-0.04013679,-0.010437639,0.024536284,-0.46360964,-0.05699918,-0.006444885,-0.32847658,-0.2683082,-0.029172745,-0.11568449,-0.22111219,-0.18287838,-0.032220025,-0.19326882,-0.011966411,0.03799373,-0.025679028,0.24121028,0.03149879,-0.05789201,0.0733691,-0.045866445,-0.045973677,0.25464574,0.32119268,-0.31127298,0.028646111,-0.06758473,0.13618729
https://example.org/bda/health-risk/indicator/physical-activity,-0.36301965,0.013364365,0.003957437,-0.044043336,-0.0101972325,-0.03881877,0.39862454,-0.017088924,-0.1343291,0.34625527,-0.1492327,-0.031015147,-0.12256953,0.4391439,-0.21051602,0.09758433,-0.18365891,-0.023148326,0.03235243,0.020752555,0.19251554,-0.022089481,-0.12266414,0.042170033,-0.001962567,0.027778998,-0.022758652,0.3434234,0.044056598,-0.055834733,-0.049663678,0.2559721
https://example.org/bda/health-risk/indicator/physical-unhealthy-days,-0.36369038,-0.01754496,0.002375544,0.0026071095,-0.0037393307,0.010500957,-0.49199092,-0.010747835,-0.029630471,0.28778487,-0.17310722,0.0320893,-0.19020556,-0.30640155,-0.16196017,-0.011007422,-0.19981113,0.0008761133,-0.017395966,-0.012433029,0.21559688,0.012891777,-0.14718455,0.0049512843,0.020916073,-0.019885518,0.14560123,0.36757234,-0.11927721,-0.007712862,-0.0119351735,0.2715112
https://example.org/bda/health-risk/indicator/smoking,-0.5333263,-0.013438828,0.004144141,-0.0002557026,-0.010777138,-0.017519062,-0.36575413,-0.0058248513,-0.09789159,0.20255789,-0.20852798,0.010522306,-0.1024811,0.363703,-0.33348224,-0.02021668,-0.2188987,-0.034553904,0.010802347,-0.0070119947,0.18877302,-0.009088302,-0.1432171,0.008125975,-0.021399412,-0.0027342783,0.1155703,0.29706556,-0.078579165,0.007697601,-0.009016713,0.13626143
https://example.org/bda/health-risk/indicator/systolic-blood-pressure,-0.46891424,-0.0077024046,0.0023403445,-0.025006777,-0.02175584,0.0022965984,0.3033464,0.014652297,-0.028243646,-0.3423363,-0.10440665,-0.023224516,0.22107138,-0.35331425,-0.24573374,0.0541591,0.13157213,0.02530506,0.013337362,0.015516681,-0.15545478,-0.0065244515,-0.20866248,-0.0013694236,-0.0058063553,0.0142324,-0.044147767,0.31451792,0.3204616,-0.012064141,0.018001815,0.17282984
https://example.org/bda/health-risk/indicatorCategory,-0.051578075,0.14146504,0.030178905,0.07637344,-0.0023805567,0.06030276,0.3144701,0.11926455,-0.37978694,0.22059293,-0.09575846,-0.01993623,0.052006632,-0.26546803,-0.36192134,0.012462199,-0.0380109,0.17620112,0.13556945,0.24865128,0.15008357,0.11233818,0.3419301,-0.048408814,0.0842197,0.025623813,0.04050508,-0.39565673,-0.0042888345,-0.060950637,0.0067811306,0.10110749
https://example.org/bda/health-risk/indicatorColumn,-0.11603967,0.18837908,-0.031993013,0.18284208,0.06316169,0.0460565,0.31023368,0.04355989,-0.3156269,0.25046197,-0.24935655,-0.0275793,-0.11715937,-0.27929857,-0.23482679,0.15264206,-0.008525493,0.051613335,0.17277092,0.19227594,0.09696552,0.07811247,0.29318598,0.009862794,0.09432878,-0.013322598,0.018222762,-0.41838598,-0.004843586,-0.13246413,0.078535765,0.19381504
https://example.org/bda/health-risk/kg-run/20260603_125633,0.013583956,0.06811576,-0.008636963,0.079137184,0.05158571,-0.11213983,0.2172541,0.04603649,-0.52111167,-0.0055877324,-0.38720092,0.061864,-0.0876001,-0.08356668,-0.5089198,0.008408288,0.018811073,-0.0036812208,0.12776908,0.05774524,-0.06656162,-0.047230802,-0.37760127,0.021019556,-0.070813924,-0.030748988,-0.1283732,0.16551206,-0.03682449,-0.027722219,-0.059490226,0.0023539367
https://example.org/bda/health-risk/meanValue,-0.017784903,0.1267483,-0.052667517,-0.17146645,0.08040084,-0.2525077,0.2488828,-0.007782911,-0.29099694,-0.2250737,-0.047792763,-0.03853633,-0.04757549,0.098462254,-0.5886022,0.18336996,-0.08320838,0.14612192,0.10897143,-0.08572316,0.013782068,0.05943065,0.18711588,-0.07051946,-0.015531658,0.034382902,0.19105056,-0.36717063,0.005155648,0.14362988,-0.029094711,0.051263615
https://example.org/bda/health-risk/measuresIndicator,0.03243748,0.17875096,-0.086547144,-0.196029,-0.052148968,0.1867724,0.17546189,0.09061392,0.39248592,0.09768477,0.026321178,-0.0009946855,0.041381422,0.2357684,-0.37482017,-0.054274395,-0.1786019,-0.043957707,0.114192456,-0.16660719,-0.18225016,-0.018810077,0.18845092,-0.14107676,0.13829605,0.03699664,0.08554712,-0.50970817,-0.11321777,-0.07843737,-0.08944989,0.03548389
https://example.org/bda/health-risk/observationCount,-0.005947182,0.17304008,-0.06852006,0.025750462,-0.03570994,-0.25598127,0.15499292,0.15272,-0.404981,-0.14922109,-0.08208856,0.13809994,-0.012122763,0.16408746,-0.527699,-0.026814068,-0.09054312,-0.031021524,0.115759246,-0.11897597,-0.13176528,-0.09976284,0.16685815,0.059903342,0.029321916,0.07619493,0.24458978,-0.37127677,0.0364069,0.007642559,0.060417004,0.16535284
https://example.org/bda/health-risk/outcome/heart-disease-negative,-0.06951484,-0.0570339,0.0037330885,0.10571624,0.17433949,0.06605958,-0.026942035,0.022189291,0.049387317,0.0025375087,-0.30345052,-0.06284826,-0.12974821,-0.008192391,-0.44118816,0.0146045135,0.11517504,-0.21455848,-0.056427497,-0.07371361,-0.092354745,0.031474065,-0.09472719,0.17765892,-0.08109636,0.09738557,0.33088732,0.43877685,-0.07554745,0.054988068,0.13431612,0.4143557
https://example.org/bda/health-risk/outcome/heart-disease-positive,-0.3012896,-0.014617458,-0.047335714,-0.0898225,0.008546913,-0.039859045,-0.047185324,0.03219703,0.08272682,-0.10390599,-0.37672225,-0.13034655,-0.18938224,0.03316225,-0.6607345,0.057918657,0.02795429,-0.1104574,-0.025717175,0.13606642,-0.053272147,-0.06797615,0.09212711,0.04646405,-0.08753976,-0.072921,0.22811185,0.1816683,-0.04480137,-0.03121943,0.05864801,0.29263285
https://example.org/bda/health-risk/outcome/unknown,0.026388375,-0.13104464,0.010570986,-0.08511635,0.04269375,0.051003445,0.18755096,-0.103510045,-0.18771055,0.1817872,-0.18119688,0.0746824,-0.092155114,-0.04678845,-0.6285943,-0.09493015,0.035831872,0.07902511,0.08628586,0.054327756,0.10691976,0.008131259,0.016045948,-0.015760226,0.20253268,0.052404802,0.27235028,0.22739261,0.08015584,-0.17878774,-0.076039396,0.3989931
https://example.org/bda/health-risk/population-group/age-1/gender-female,0.05451972,-0.16037247,0.076733105,-0.26336884,0.08779421,0.130749,0.046087,-0.1856265,0.3491259,-0.008665605,-0.19810091,-0.17125352,-0.12995595,0.008411513,-0.090069845,-0.1984582,0.1070917,-0.26241824,-0.1008894,0.19780871,0.0901364,0.1626701,-0.18837385,0.061189592,0.09436105,-0.21507095,0.24988042,0.2569982,0.098301314,-0.1864392,0.2533237,0.2897968
https://example.org/bda/health-risk/population-group/age-1/gender-male,0.017097421,-0.13585037,0.09819443,0.33335742,0.15003496,-0.17715415,0.002250334,-0.16730289,-0.44448838,0.02661629,-0.18233387,-0.23433214,-0.17377667,-0.0071881977,-0.05202008,0.20387611,0.2022633,-0.08496558,-0.18980382,0.22089773,0.14480928,0.12542637,-0.11046566,0.24983665,0.08786041,-0.08620054,0.18463539,0.13962182,0.15928376,0.10814185,-0.121030524,0.23003122
https://example.org/bda/health-risk/population-group/age-10/gender-female,0.04503523,-0.12931684,-0.0046656756,0.17519772,-0.06841504,0.34914815,0.048252787,-0.16006435,-0.08604059,-0.041504174,-0.20057312,0.2551689,0.12561648,0.038458925,-0.075054616,-0.13239942,0.112708956,-0.23862962,-0.12563537,0.24553768,0.03147973,0.22176294,-0.16534021,-0.29206514,-0.14711444,-0.18389894,0.3166421,-0.01173606,0.07224563,-0.28920034,-0.14961159,0.2558913
https://example.org/bda/health-risk/population-group/age-10/gender-male,-0.07974403,0.14844549,0.16912219,0.19275536,-0.0896247,0.18775576,0.022907352,-0.1828806,-0.4030005,0.010683182,-0.158784,0.21484527,0.045545768,0.06026056,-0.08686753,-0.08543397,0.08388252,0.23272118,0.0042996462,0.27841303,-0.0009855251,-0.21707004,-0.09623645,-0.24193598,-0.124961495,0.14469549,0.21741669,-0.018057553,0.08777995,-0.31581408,-0.27956423,0.22529322
https://example.org/bda/health-risk/population-group/age-11/gender-female,0.108484454,-0.18839115,0.12921171,0.20813502,0.13075307,-0.2668495,-0.0048982636,-0.14102921,0.3139893,0.0067572803,-0.18047974,-0.22408783,-0.0059034238,-0.008004535,-0.013409185,0.2556927,0.041465007,-0.27501845,-0.12077792,-0.18279868,0.040850267,0.11720247,-0.12447335,0.2773193,0.11188567,0.18633875,0.2013719,0.0391617,0.02828602,0.23432095,0.30881864,0.25271124
https://example.org/bda/health-risk/population-group/age-11/gender-male,-0.022704734,-0.109855115,0.09820205,-0.23747087,-0.059278496,-0.3162683,-0.0640097,-0.24766521,-0.026322454,-0.020776385,-0.15497556,-0.20053789,0.0054342183,0.09515296,-0.18185414,-0.18463361,0.013215143,0.2871421,-0.117966846,0.24153724,0.028462335,0.25326464,-0.1848829,-0.24387209,0.073817395,-0.14180447,0.22909944,-0.0049856724,-0.029723147,0.24693227,0.26267478,0.29730117
https://example.org/bda/health-risk/population-group/age-12/gender-female,-0.09990336,0.22504081,0.15192957,0.17866185,-0.09168464,-0.1655191,-0.053493463,0.14822449,0.024412056,-0.056994162,-0.2597641,0.25738454,-0.09261111,-0.042252164,-0.112455964,-0.12487689,0.013300845,0.021143744,-0.1286319,0.30118594,0.0731309,0.15200865,-0.16118892,-0.20222685,0.0847446,-0.16698217,0.28087708,0.2037841,-0.0011843804,0.24167864,0.28844762,0.38373885
https://example.org/bda/health-risk/population-group/age-12/gender-male,-0.028298343,-0.14483802,0.14011593,-0.13389705,0.0814555,0.33101377,-0.02598249,0.21651815,0.27049667,0.015595269,-0.14614196,-0.23380329,-0.14721215,-0.12478616,-0.119322225,-0.16481222,0.02907683,0.20102732,-0.17701426,-0.31898388,0.080524564,-0.079677254,-0.1292417,0.2843021,0.11114395,0.11849815,0.23130451,0.07657187,0.039106503,-0.289854,-0.1714136,0.25185296
https://example.org/bda/health-risk/population-group/age-13/gender-female,-0.1778826,0.20609884,-0.15214953,-0.063010596,-0.11284386,0.34907368,-0.009580374,-0.14845283,0.3099326,0.021871129,-0.16332804,-0.19165392,-0.1207801,-0.00023690403,-0.10381614,0.07825096,0.14928846,-0.29170126,-0.04986838,-0.28623778,0.11787862,-0.1741017,-0.13055977,-0.23332527,0.0632967,0.23764597,0.22226182,0.14090776,0.17996079,0.17468317,-0.008350463,0.22453532
https://example.org/bda/health-risk/population-group/age-13/gender-male,-0.14497674,0.16238499,0.18632968,-0.14561702,0.1492727,-0.116110034,-0.10426519,0.13570246,0.22163898,0.0384725,-0.17109014,-0.20082664,-0.15648817,-0.15650016,-0.11951063,0.1344275,0.117689915,0.26380295,0.0075014275,0.2500957,0.111925416,0.18796702,-0.20453766,0.17330572,-0.16706726,0.16563648,0.20853707,0.1129273,0.1715789,-0.24965814,-0.27038893,0.29640442
https://example.org/bda/health-risk/population-group/age-2/gender-female,-0.11247046,0.10221398,-0.112770714,0.020091964,0.1379208,0.30142125,-0.04368287,0.19270203,0.068777956,0.032521583,-0.17296438,0.3191499,0.085999325,0.021639181,-0.06675293,0.18230525,0.13419904,-0.34239745,0.11341131,0.12605338,0.10670352,-0.1938976,-0.23903827,0.19305883,0.13712192,-0.14355364,0.2003345,0.1466525,0.11101724,-0.21766087,0.2925207,0.2793483
https://example.org/bda/health-risk/population-group/age-2/gender-male,0.042985152,-0.14288808,0.14335963,-0.037114196,-0.13578428,0.32032442,-0.056529555,-0.11469365,0.3572409,-0.018365117,-0.17029324,-0.29375783,-0.01982795,-0.033057496,-0.06957118,0.11410393,0.037810978,-0.26580265,-0.012830048,0.1476623,0.09568004,-0.20790054,-0.25408623,0.32636848,-0.11977498,-0.15984978,0.13101499,-0.076277174,-0.079890735,-0.27818725,-0.17053752,0.2501502
https://example.org/bda/health-risk/population-group/age-3/gender-female,-0.10481246,-0.15595227,-0.109378956,-0.25127387,-0.15296088,-0.3458684,0.022418184,-0.2105026,-0.031790923,0.03362507,-0.16136728,-0.28120187,0.13375914,-0.070888564,-0.015697036,-0.12852992,0.14167355,0.35457808,0.14275505,-0.16366695,0.052250378,0.18534261,-0.20306398,-0.23518832,0.102990806,-0.04002533,0.18046115,0.06518678,0.010755996,-0.2716984,0.24025497,0.21803775
https://example.org/bda/health-risk/population-group/age-3/gender-male,-0.03927846,-0.16060863,-0.29282147,-0.27266684,0.088840194,0.07776772,0.058997266,0.20555508,-0.2524873,-0.04199922,-0.18955673,0.29708955,-0.11169483,0.044673026,-0.016619356,-0.009408667,0.050986502,0.25282595,-0.15297464,0.25203323,0.087607846,0.20105577,-0.10353877,0.21764868,0.09025537,0.1493314,0.2378687,0.060577072,0.07275046,0.19203544,-0.27540082,0.28285593
https://example.org/bda/health-risk/population-group/age-4/gender-female,0.11428255,-0.13170852,-0.119562075,0.24474397,-0.16264454,-0.24709494,-0.023802835,0.21614648,-0.27124813,0.0030243287,-0.1524725,-0.25162268,0.044247605,0.076110736,0.016026286,0.11669029,0.06490133,-0.32131436,0.15076943,0.21403229,0.06711243,0.21390091,-0.20199658,0.25673708,0.15954603,-0.16253848,0.106208965,-0.0045840265,-0.1104075,-0.26669198,-0.26171073,0.17572519
https://example.org/bda/health-risk/population-group/age-4/gender-male,0.06869303,-0.075569876,0.0653958,-0.22747844,-0.07600576,0.3209013,-0.012243944,0.24360521,-0.5661249,-0.002625073,-0.09462355,-0.24731633,-0.03775754,0.011332387,0.009577517,0.12180045,0.04793077,0.19419241,-0.054882117,0.22849075,0.06170876,-0.06538786,-0.18505538,-0.17426549,-0.21974085,-0.15912774,0.15086104,-0.07871702,-0.0522185,0.12457313,0.22656879,0.1346388
https://example.org/bda/health-risk/population-group/age-5/gender-female,0.107969865,-0.07785241,-0.07566891,-0.19284825,-0.02310052,-0.29606855,-0.026926262,-0.11818417,-0.52764714,-0.015755009,-0.16953419,-0.24291946,0.10549446,-0.01515524,-0.025153017,-0.18901332,0.06400106,-0.25053656,0.10885903,-0.18190825,0.03123551,-0.19963442,-0.21749593,-0.24787009,-0.026606329,-0.14897804,0.13474429,0.027056621,-0.011908847,0.15430465,-0.17990798,0.2507297
https://example.org/bda/health-risk/population-group/age-5/gender-male,0.047366306,0.09171423,0.051948648,-0.20237485,0.13992359,-0.44900104,-0.054060973,0.15103348,-0.35624602,-0.0062459568,-0.20269853,0.26413754,-0.06446074,0.046794347,-0.04713762,-0.16755156,0.13502057,0.18162915,0.010422887,0.08472247,0.061223544,-0.22978008,-0.13105248,0.21422857,-0.1625548,0.1453106,0.15488796,-0.01433259,-0.05951721,-0.21967132,0.2679085,0.22561193
https://example.org/bda/health-risk/population-group/age-6/gender-female,-0.034090042,0.112967715,-0.13077924,0.27438506,-0.07072298,-0.35316965,0.03923325,0.12843814,-0.3063156,-0.009759511,-0.18954672,0.20063743,0.00402857,-0.06954936,-0.033000257,-0.12689115,0.10530502,-0.2766013,-0.07824534,-0.29057387,0.055940628,-0.104214154,-0.15633705,-0.111234516,-0.095936954,0.21386483,0.23040815,-0.08728498,-0.0575327,-0.24838181,0.285734,0.25002974
https://example.org/bda/health-risk/population-group/age-6/gender-male,0.08429846,0.16602956,0.2301614,-0.23095748,0.07890385,-0.14141613,0.0045839255,-0.20334078,0.1083097,0.005870106,-0.15744361,0.3140601,0.09927462,0.006098522,-0.018921515,0.13330327,0.12903665,-0.16517234,0.077724524,-0.30274743,0.067897104,0.18553132,-0.25343734,0.33274555,-0.12747401,-0.23685114,0.24934526,-0.07371356,-0.022032235,0.2332223,-0.12703338,0.2482529
https://example.org/bda/health-risk/population-group/age-7/gender-female,0.06589493,0.16560087,-0.08947603,0.17322984,-0.06656567,-0.3112682,-0.0062171905,0.2464671,0.4728037,-0.0129932305,-0.1474044,-0.22630876,0.10149213,0.037854496,-0.07272859,0.16558959,0.11140805,0.2618145,-0.0415879,-0.25284913,0.035587344,-0.1731219,-0.12487915,-0.14831288,0.055689294,-0.14838548,0.14872365,0.0020319244,-0.05295695,0.1637343,-0.26354218,0.25545463
https://example.org/bda/health-risk/population-group/age-7/gender-male,0.08053111,-0.13668415,-0.08104086,0.22369644,-0.0641521,0.28265336,0.012772356,0.12648334,0.5673504,0.019873584,-0.1606563,0.24114548,0.059189923,-0.031252913,-0.07465826,-0.10871241,0.0961493,0.216247,0.04624541,-0.26545924,0.059056304,-0.07802649,-0.14188431,-0.14549598,0.10277358,-0.13788722,0.22658543,0.07483168,-0.012707888,0.12896784,0.21603923,0.24589746
https://example.org/bda/health-risk/population-group/age-8/gender-female,0.032220297,-0.14165524,0.08629376,-0.15777189,-0.07808501,-0.28922004,-0.005367549,0.14313543,0.5860317,-0.0076168478,-0.13998118,0.2621025,0.050592184,-0.044460922,-0.013669589,0.110551156,0.083354615,-0.16420981,0.09187162,0.27217984,0.06999727,0.11708966,-0.18619515,-0.1874795,0.09913667,0.1353076,0.11483839,0.10050756,-0.048204657,0.19738458,-0.24126765,0.17828172
https://example.org/bda/health-risk/population-group/age-8/gender-male,0.037122425,0.08677712,-0.11197315,0.20943883,0.15847677,0.2377309,-0.014615615,-0.09114306,-0.4506725,-0.02309292,-0.15872622,0.18623853,0.09185399,-0.018073322,0.02321799,0.09605902,0.10287126,0.3160476,-0.08365136,-0.2193914,0.16568357,-0.109802164,-0.22554286,0.26247543,-0.16444375,0.12767327,0.12589875,0.077662446,-0.02670522,0.20441441,-0.26474157,0.24456002
https://example.org/bda/health-risk/population-group/age-9/gender-female,-0.20090091,-0.16133235,-0.05945251,-0.24144654,-0.083860494,0.43515092,-0.037043873,-0.15982234,-0.16747354,0.018775782,-0.16362154,0.23652136,-0.10022708,0.011012557,-0.020257354,0.15975988,0.06300783,-0.24669455,0.060814355,-0.18733102,0.007771361,0.18283033,-0.24872203,-0.22345024,0.14555262,0.16278943,0.19063556,-0.087776095,-0.06689667,0.1854191,-0.23175131,0.26089206
https://example.org/bda/health-risk/population-group/age-9/gender-male,-0.036460064,0.14808586,0.08038736,0.23788619,0.09428341,0.24331288,-0.05551614,-0.20082538,-0.28835988,-0.012098507,-0.16794007,-0.30707696,-0.048594274,0.0062534055,-0.047923278,-0.23695019,0.09319325,0.28891203,0.08140083,0.20907046,-0.03128412,-0.1310517,-0.22103457,0.20399235,0.119231425,0.17050979,0.18111631,0.0003002908,-0.0766881,0.35076472,0.11241315,0.25842768
https://example.org/bda/health-risk/populationGroupAgeGroup,0.14605048,0.24689695,-0.106295936,0.23475663,0.039513484,0.13238183,0.27808663,0.059077602,-0.32353005,0.22666551,-0.15715937,0.2442475,-0.0688615,0.17776105,-0.35105684,0.09226867,0.009435495,-0.19620587,0.08341131,0.27316973,0.0717633,0.06551396,0.2647876,-0.023832709,0.073848695,-0.052806303,-0.16905682,-0.25839782,-0.08279742,-0.102805756,-0.022105914,0.14525992
https://example.org/bda/health-risk/populationGroupGender,0.05246539,0.26289877,-0.059929498,0.14738739,0.076222174,0.29350477,0.0061971983,-0.15199544,0.28456706,0.24970624,-0.12143161,0.18138131,-0.051181305,0.19322437,-0.1412064,0.024359329,-0.0489756,-0.07311591,0.040929873,0.24380633,0.20511991,-0.012486825,0.31262648,0.062360894,0.031164546,-0.035444662,-0.10061514,-0.47048733,-0.01633582,-0.15647335,0.11689203,0.2267541
https://example.org/bda/health-risk/positiveRate,-0.045134805,0.11418654,0.014690436,-0.12559423,-0.054085784,-0.16361497,0.13096033,-0.04549237,-0.10229753,-0.10486133,0.036243767,-0.05458624,-0.22560698,0.23146226,-0.58721906,0.09342021,-0.056424968,0.0921257,0.15736334,-0.15990071,-0.18223864,0.089984395,0.25815174,0.04712211,0.10976033,0.10491161,0.20090407,-0.41733783,-0.010167808,0.042191394,-0.023491811,-0.15505747
https://example.org/bda/health-risk/recordOrdinal,0.14450036,0.1427017,0.083157435,-0.058904976,0.13985744,-0.096224666,0.07900137,0.031813256,-0.4324288,0.019007657,-0.043931946,0.26824018,0.057238188,0.35202724,-0.36475235,0.013840845,0.021258434,0.05751499,0.18206748,-0.06355099,0.09404911,-0.074027754,0.2820467,0.24914029,0.04259645,-0.20121905,0.21662448,-0.31120056,0.006809374,0.05598427,0.043394893,0.050903525
https://example.org/bda/health-risk/rowsTotal,-0.09320497,0.07317889,0.023544962,0.205335,-0.014215772,-0.30583927,0.05649437,0.07890895,-0.27193758,-0.16588263,-0.11465769,0.12145951,-0.058066342,0.071744755,-0.5240112,-0.049438465,0.009356119,0.16270788,0.065559044,0.11497816,0.04340393,-0.044511735,0.26508376,0.06972398,0.0025755283,-0.03392525,0.28895178,-0.41044235,-0.15552728,0.022282807,0.14366859,0.060423933
https://example.org/bda/health-risk/runId,-0.02803839,0.078714944,-0.0030971442,0.06448985,0.02532889,-0.003447493,0.06802923,0.058846656,-0.21838659,0.083627164,-0.17414138,0.23796937,-0.030794712,0.119038895,-0.3119556,0.11488561,-0.22538178,0.2532291,0.09430723,0.35151002,0.18044406,0.15415925,0.359918,0.20031874,0.046303723,-0.08122535,0.26357484,-0.37749097,-0.075106405,-0.07420142,-0.06455401,0.058607947
https://example.org/bda/health-risk/sourceDatasetName,-0.005404241,0.20345424,-0.03517008,-0.14055938,-0.015235866,-0.13978423,0.19674738,0.11975281,-0.31964752,0.2694757,-0.07833152,-0.20127645,0.019460334,0.1137374,-0.5188826,0.06601147,-0.13376626,0.094743565,0.09702515,-0.033016708,0.11866929,0.0019320393,0.327461,-0.08500588,0.11900317,-0.053610418,0.20601888,-0.2937961,0.117823265,0.012710045,-0.102621965,0.14185399
https://example.org/bda/health-risk/sourceRecordId,0.063527755,0.18039355,-0.08321167,-0.09013995,-0.08616595,-0.070600696,0.17153688,0.054358296,-0.21894577,0.28538558,-0.03463652,-0.049133666,-0.05233215,0.09249217,-0.45198086,0.091615945,-0.122481555,0.22130696,0.12588716,-0.07638373,0.17663558,0.032821983,0.35619962,-0.13565895,0.10959439,-0.06412268,0.15732202,-0.404833,-0.19581528,0.073131174,-0.15438063,0.10539088
https://example.org/bda/health-risk/targetPositiveRate,-0.0028218783,0.17770424,-0.06872072,0.018780762,0.04673822,-0.36538717,0.032906007,0.021006469,-0.26684615,-0.3949981,-0.10723122,0.16541398,-0.1319129,-0.0017564747,-0.38598624,-0.03761405,-0.00012860518,0.19424877,0.17640948,0.027863229,-0.025840633,-0.073837236,0.37241432,0.0011774418,-0.025961649,0.014290706,0.20966183,-0.23187459,-0.051498573,0.15437995,-0.006481803,0.22946566
https://example.org/bda/health-risk/valueKind,-0.23874164,0.25580794,0.03933368,0.20248581,0.104598194,0.14562446,0.058502387,0.08432487,-0.24899852,0.14740025,-0.1322412,-0.033207085,-0.11710814,-0.058296833,-0.27780977,0.20455475,-0.07800488,0.1651245,0.19000947,0.32171527,0.190759,0.05944423,0.32887584,-0.073847935,0.047812372,-0.12213763,-0.0065115704,-0.44297433,0.051770054,0.008519106,-0.006204951,0.10550472
